Date,sunset_UTC,sunset_az,sunset_el,sunset_ra,sunset_dec,sunset_sidereal,sunrise_UTC,sunrise_az,sunrise_el,sunrise_ra,sunrise_dec,sunrise_sidereal
2026-01-01,2026-Jan-01 04:04,246.600173,-2.992473,281.67914,-23.00434,0.4236819222,2026-Jan-01 16:47,113.369118,-2.946773,282.2686,-22.95972,13.1751676663
2026-01-02,2026-Jan-02 04:05,246.723392,-3.077608,282.7825,-22.91841,0.5061079515,2026-Jan-02 16:47,113.247551,-3.015929,283.37043,-22.86983,13.2408815934
2026-01-03,2026-Jan-03 04:05,246.774287,-2.945471,283.88363,-22.82495,0.5718218694,2026-Jan-03 16:47,113.119382,-3.081303,284.47074,-22.77238,13.3065952943
2026-01-04,2026-Jan-04 04:06,246.912751,-3.028147,284.98395,-22.72388,0.654247513,2026-Jan-04 16:48,113.064502,-2.926429,285.57017,-22.66734,13.3890203882
2026-01-05,2026-Jan-05 04:07,247.05878,-3.109876,286.08258,-22.61531,0.736672028,2026-Jan-05 16:48,112.923256,-2.983823,286.6671,-22.55489,13.4547319077
2026-01-06,2026-Jan-06 04:07,247.13243,-2.974112,287.17865,-22.49936,0.8023829302,2026-Jan-06 16:48,112.775614,-3.037238,287.76219,-22.43503,13.5204421661
2026-01-07,2026-Jan-07 04:08,247.293659,-3.054055,288.2736,-22.37592,0.8848049848,2026-Jan-07 16:48,112.621648,-3.08661,288.85534,-22.30778,13.5861514656
2026-01-08,2026-Jan-08 04:08,247.382335,-2.916349,289.36582,-22.24522,0.9505139817,2026-Jan-08 16:48,112.461436,-3.131878,289.94647,-22.17322,13.651860246
2026-01-09,2026-Jan-09 04:09,247.558705,-2.994965,290.45671,-22.10712,1.0329349723,2026-Jan-09 16:49,112.374956,-2.955469,291.03623,-22.03131,13.7342812489
2026-01-10,2026-Jan-10 04:10,247.74257,-3.073241,291.54544,-21.96179,1.1153560742,2026-Jan-10 16:49,112.202479,-2.992066,292.12301,-21.88229,13.7999902468
2026-01-11,2026-Jan-11 04:10,247.853732,-2.933513,292.63115,-21.80939,1.1810653073,2026-Jan-11 16:49,112.024027,-3.024365,293.20749,-21.72615,13.8656997948
2026-01-12,2026-Jan-12 04:11,248.05258,-3.011196,293.71526,-21.64979,1.2634874709,2026-Jan-12 16:49,111.839696,-3.052304,294.28956,-21.56295,13.9314100365
2026-01-13,2026-Jan-13 04:12,248.25883,-3.088925,294.79691,-21.48317,1.3459103589,2026-Jan-13 16:49,111.649587,-3.075827,295.36912,-21.39279,13.9971210061
2026-01-14,2026-Jan-14 04:12,248.392166,-2.948214,295.87526,-21.30973,1.4116216557,2026-Jan-14 16:49,111.453803,-3.094877,296.44609,-21.21573,14.0628326345
2026-01-15,2026-Jan-15 04:13,248.613163,-3.026096,296.95172,-21.1293,1.4940458442,2026-Jan-15 16:49,111.252449,-3.109403,297.52038,-21.03187,14.1285447559
2026-01-16,2026-Jan-16 04:14,248.841427,-3.104407,298.02544,-20.94211,1.5764704171,2026-Jan-16 16:49,111.045634,-3.119351,298.59188,-20.84129,14.1942571209
2026-01-17,2026-Jan-17 04:14,248.996518,-2.963758,299.0956,-20.74836,1.642182792,2026-Jan-17 16:49,110.833471,-3.124675,299.66051,-20.64408,14.2599694208
2026-01-18,2026-Jan-18 04:15,249.23922,-3.042956,300.16359,-20.54789,1.724607245,2026-Jan-18 16:49,110.616072,-3.125326,300.72619,-20.44034,14.325681328
2026-01-19,2026-Jan-19 04:16,249.489021,-3.122955,301.22857,-20.34093,1.8070311576,2026-Jan-19 16:49,110.393554,-3.121263,301.78884,-20.23017,14.3913925518
2026-01-20,2026-Jan-20 04:16,249.665345,-2.983395,302.28975,-20.12772,1.8727419804,2026-Jan-20 16:49,110.166034,-3.112444,302.84837,-20.01365,14.4571029042
2026-01-21,2026-Jan-21 04:17,249.92921,-3.064989,303.34851,-19.90806,1.9551641939,2026-Jan-21 16:49,109.933628,-3.098833,303.90471,-19.7909,14.5228123565
2026-01-22,2026-Jan-22 04:17,250.119277,-2.926611,304.40332,-19.68236,2.0208732614,2026-Jan-22 16:49,109.696457,-3.080398,304.95782,-19.56201,14.5885210708
2026-01-23,2026-Jan-23 04:18,250.396922,-3.010236,305.45559,-19.45041,2.1032940328,2026-Jan-23 16:49,109.454638,-3.057112,306.00762,-19.32709,14.6542293924
2026-01-24,2026-Jan-24 04:19,250.681313,-3.095225,306.50454,-19.21247,2.1857146262,2026-Jan-24 16:49,109.20829,-3.028957,307.05409,-19.08624,14.7199377928
2026-01-25,2026-Jan-25 04:19,250.891546,-2.959493,307.5494,-18.96882,2.2514232454,2026-Jan-25 16:49,108.957533,-2.995918,308.09719,-18.83958,14.7856467762
2026-01-26,2026-Jan-26 04:20,251.189232,-3.047098,308.59161,-18.71923,2.3338449644,2026-Jan-26 16:49,108.702485,-2.957992,309.13689,-18.5872,14.8513567584
2026-01-27,2026-Jan-27 04:21,251.493404,-3.136335,309.6304,-18.46398,2.4162678155,2026-Jan-27 16:48,108.362572,-3.138365,310.17246,-18.32941,14.9003556458
2026-01-28,2026-Jan-28 04:21,251.723015,-3.004001,310.66504,-18.20336,2.4819795691,2026-Jan-28 16:48,108.099177,-3.091024,311.20531,-18.06596,14.9660679452
2026-01-29,2026-Jan-29 04:22,252.039917,-3.096309,311.69696,-17.93712,2.5644045775,2026-Jan-29 16:48,107.831829,-3.038829,312.23472,-17.79714,15.031780952
2026-01-30,2026-Jan-30 04:22,252.281883,-2.966455,312.72471,-17.66575,2.6301177077,2026-Jan-30 16:48,107.560637,-2.981806,313.26068,-17.52306,15.0974940357
2026-01-31,2026-Jan-31 04:23,252.61111,-3.062052,313.74972,-17.38897,2.7125428827,2026-Jan-31 16:48,107.285704,-2.919988,314.28319,-17.24382,15.1632065232
2026-02-01,2026-Feb-01 04:23,252.865027,-2.934854,314.77058,-17.10728,2.7782548852,2026-Feb-01 16:47,106.926085,-3.078403,315.30155,-16.95973,15.2122056131
2026-02-02,2026-Feb-02 04:24,253.206169,-3.033893,315.78871,-16.82039,2.8606779544,2026-Feb-02 16:47,106.643829,-3.007445,316.31721,-16.6705,15.2779157186
2026-02-03,2026-Feb-03 04:25,253.553095,-3.134901,316.80343,-16.5286,2.9430997717,2026-Feb-03 16:47,106.358119,-2.931808,317.32947,-16.37642,15.3436246889
2026-02-04,2026-Feb-04 04:25,253.824287,-3.01207,317.81407,-16.23221,3.0088083221,2026-Feb-04 16:46,105.987819,-3.077632,318.33767,-16.07781,15.3926206137
2026-02-05,2026-Feb-05 04:26,254.182515,-3.116679,318.82206,-15.93092,3.0912286493,2026-Feb-05 16:46,105.695338,-2.993105,319.34325,-15.77436,15.4583285616
2026-02-06,2026-Feb-06 04:26,254.464637,-2.996773,319.82604,-15.62525,3.1569366267,2026-Feb-06 16:45,105.318385,-3.13088,320.34484,-15.46659,15.5073243727
2026-02-07,2026-Feb-07 04:27,254.833741,-3.105071,320.82744,-15.31489,3.239357236,2026-Feb-07 16:45,105.019514,-3.037643,321.34387,-15.1542,15.5730329649
2026-02-08,2026-Feb-08 04:27,255.126361,-2.988183,321.8249,-15.00038,3.3050661408,2026-Feb-08 16:45,104.717681,-2.939961,322.33968,-14.83749,15.6387422292
2026-02-09,2026-Feb-09 04:28,255.505892,-3.100254,322.81985,-14.68139,3.3874880605,2026-Feb-09 16:44,104.331417,-3.065779,323.3316,-14.51682,15.6877399274
2026-02-10,2026-Feb-10 04:28,255.808554,-2.986471,323.81092,-14.35849,3.4531984035,2026-Feb-10 16:44,104.023807,-2.959683,324.32105,-14.19185,15.7534506075
2026-02-11,2026-Feb-11 04:29,256.198048,-3.10239,324.79952,-14.03134,3.5356216704,2026-Feb-11 16:43,103.631848,-3.077897,325.30669,-13.86315,15.8024495285
2026-02-12,2026-Feb-12 04:29,256.510284,-2.991791,325.78433,-13.70051,3.6013330793,2026-Feb-12 16:43,103.318878,-2.963597,326.2899,-13.53037,15.8681610686
2026-02-13,2026-Feb-13 04:30,256.909261,-3.111616,326.76672,-13.36566,3.683756976,2026-Feb-13 16:42,102.921626,-3.074402,327.26937,-13.19411,15.9171603471
2026-02-14,2026-Feb-14 04:30,257.230589,-3.00427,327.74538,-13.02738,3.7494684574,2026-Feb-14 16:42,102.603721,-2.952126,328.24648,-12.85401,15.982871646
2026-02-15,2026-Feb-15 04:31,257.638559,-3.128047,328.72168,-12.68531,3.8318918013,2026-Feb-15 16:41,102.201588,-3.055727,329.2199,-12.51067,16.0318700551
2026-02-16,2026-Feb-16 04:31,257.968485,-3.024013,329.69432,-12.34006,3.8976021219,2026-Feb-16 16:41,101.879179,-2.92571,330.19102,-12.16373,16.0975799295
2026-02-17,2026-Feb-17 04:31,258.302443,-2.921512,330.664,-11.9915,3.9633115353,2026-Feb-17 16:40,101.472582,-3.022319,331.15853,-11.81379,16.1465765677
2026-02-18,2026-Feb-18 04:32,258.722976,-3.051099,331.63142,-11.63952,4.0457323264,2026-Feb-18 16:39,101.063905,-3.115681,332.12315,-11.46074,16.1955723626
2026-02-19,2026-Feb-19 04:32,259.064785,-2.951985,332.5953,-11.28472,4.1114401037,2026-Feb-19 16:39,100.735457,-2.974647,333.08558,-11.10444,16.2612799226
2026-02-20,2026-Feb-20 04:33,259.493059,-3.085581,333.55701,-10.92673,4.1938598683,2026-Feb-20 16:38,100.322937,-3.061344,334.04455,-10.74551,16.3102751344
2026-02-21,2026-Feb-21 04:33,259.842215,-2.989875,334.51527,-10.56617,4.2595675535,2026-Feb-21 16:37,99.908635,-3.144954,335.00076,-10.38383,16.3592708326
2026-02-22,2026-Feb-22 04:34,260.277723,-3.127455,335.47147,-10.20265,4.341988267,2026-Feb-22 16:37,99.575093,-2.993496,335.95495,-10.01925,16.4249797641
2026-02-23,2026-Feb-23 04:34,260.633711,-3.035145,336.42435,-9.83681,4.4076977684,2026-Feb-23 16:36,99.157551,-3.070827,336.90584,-9.65242,16.4739775647
2026-02-24,2026-Feb-24 04:34,260.99285,-2.944395,337.37462,-9.4685,4.4734084464,2026-Feb-24 16:35,98.738513,-3.145271,337.85416,-9.28318,16.522976472
2026-02-25,2026-Feb-25 04:35,261.438232,-3.087664,338.32301,-9.0976,4.5558323927,2026-Feb-25 16:35,98.400774,-2.984105,338.80064,-8.9114,16.5886884431
2026-02-26,2026-Feb-26 04:35,261.803416,-3.000204,339.26826,-8.72472,4.6215445495,2026-Feb-26 16:34,97.979056,-3.052749,339.74402,-8.53772,16.6376883346
2026-02-27,2026-Feb-27 04:35,262.171359,-2.914233,340.2111,-8.34973,4.6872566226,2026-Feb-27 16:33,97.556099,-3.118753,340.68503,-8.16197,16.6866878445
2026-02-28,2026-Feb-28 04:36,262.625425,-3.062871,341.15226,-7.97247,4.7696803387,2026-Feb-28 16:33,97.214963,-2.948744,341.6244,-7.78402,16.7523987682
2026-03-01,2026-Mar-01 04:36,262.998628,-2.979961,342.09051,-7.59357,4.8353906958,2026-Mar-01 16:32,96.789811,-3.009515,342.5609,-7.40448,16.801396232
2026-03-02,2026-Mar-02 04:37,263.457846,-3.131982,343.02725,-7.21261,4.9178121588,2026-Mar-02 16:31,96.363635,-3.067926,343.49529,-7.0232,16.8503925481
2026-03-03,2026-Mar-03 04:37,263.835802,-3.051912,343.96126,-6.83022,4.9835202828,2026-Mar-03 16:30,95.936501,-3.124071,344.42766,-6.64027,16.8993879853
2026-03-04,2026-Mar-04 04:37,264.215889,-2.97309,344.89329,-6.44623,5.0492277303,2026-Mar-04 16:30,95.59181,-2.943839,345.35875,-6.25553,16.965095267
2026-03-05,2026-Mar-05 04:38,264.681891,-3.12956,345.8241,-6.06047,5.131647257,2026-Mar-05 16:29,95.163022,-2.995568,346.28737,-5.8696,17.0140902577
2026-03-06,2026-Mar-06 04:38,265.065987,-3.053216,346.75249,-5.67358,5.1973547022,2026-Mar-06 16:28,94.73347,-3.045327,347.21427,-5.48231,17.0630856407
2026-03-07,2026-Mar-07 04:38,265.451843,-2.977951,347.6792,-5.28538,5.2630626878,2026-Mar-07 16:27,94.303221,-3.093212,348.13954,-5.09378,17.1120816706
2026-03-08,2026-Mar-08 04:39,265.923507,-3.138237,348.60497,-4.8957,5.3454836924,2026-Mar-08 16:26,93.872344,-3.139317,349.06327,-4.7041,17.1610784567
2026-03-09,2026-Mar-09 04:39,266.312614,-3.065088,349.5286,-4.5052,5.4111931499,2026-Mar-09 16:26,93.524696,-2.948858,349.9862,-4.31309,17.2267882296
2026-03-10,2026-Mar-10 04:39,266.7031,-2.992859,350.45082,-4.1137,5.4769032167,2026-Mar-10 16:25,93.09286,-2.991586,350.90712,-3.92142,17.2757862559
2026-03-11,2026-Mar-11 04:39,267.094839,-2.921501,351.37172,-3.72132,5.5426137622,2026-Mar-11 16:24,92.660614,-3.03283,351.82675,-3.52891,17.3247846615
2026-03-12,2026-Mar-12 04:40,267.572244,-3.085883,352.29201,-3.32787,5.625036871,2026-Mar-12 16:23,92.228033,-3.072682,352.74519,-3.13566,17.3737832101
2026-03-13,2026-Mar-13 04:40,267.966199,-3.016196,353.21051,-2.93402,5.6907476898,2026-Mar-13 16:22,91.795193,-3.111236,353.6625,-2.74179,17.4227816347
2026-03-14,2026-Mar-14 04:40,268.361019,-2.947237,354.12792,-2.5396,5.7564582428,2026-Mar-14 16:22,91.446416,-2.913336,354.57941,-2.34713,17.4884919597
2026-03-15,2026-Mar-15 04:41,268.841385,-3.114043,355.04495,-2.14444,5.8388805627,2026-Mar-15 16:21,91.01338,-2.949529,355.49471,-1.95234,17.5374893417
2026-03-16,2026-Mar-16 04:41,269.237638,-3.046441,355.96042,-1.7492,5.9045898407,2026-Mar-16 16:20,90.58032,-2.984708,356.40911,-1.55724,17.5864859171
2026-03-17,2026-Mar-17 04:41,269.634366,-2.979435,356.87503,-1.35371,5.9702982823,2026-Mar-17 16:19,90.147318,-3.018959,357.3227,-1.16195,17.6354816758
2026-03-18,2026-Mar-18 04:41,270.031441,-2.91299,357.78886,-0.95809,6.0360059804,2026-Mar-18 16:18,89.714455,-3.052369,358.23553,-0.76658,17.6844768164
2026-03-19,2026-Mar-19 04:42,270.513908,-3.082199,358.70261,-0.56217,6.1184255454,2026-Mar-19 16:17,89.28181,-3.085018,359.1477,-0.37123,17.7334717504
2026-03-20,2026-Mar-20 04:42,270.91138,-3.016758,359.6151,-0.1666,6.1841328786,2026-Mar-20 16:16,88.849467,-3.11699,0.05927,0.02398,17.7824670169
2026-03-21,2026-Mar-21 04:42,271.308819,-2.951771,0.52703,0.22878,6.2498408237,2026-Mar-21 16:16,88.502393,-2.91313,0.97096,0.41923,17.848175422
2026-03-22,2026-Mar-22 04:43,271.791546,-3.122233,1.43911,0.62413,6.3322621016,2026-Mar-22 16:15,88.070993,-2.944046,1.88157,0.81385,17.8971726756
2026-03-23,2026-Mar-23 04:43,272.18862,-3.058005,2.35015,1.0188,6.3979722679,2026-Mar-23 16:14,87.640136,-2.974548,2.7918,1.20802,17.94617107
2026-03-24,2026-Mar-24 04:43,272.58528,-2.99412,3.26085,1.41297,6.4636834482,2026-Mar-24 16:13,87.209902,-3.004721,3.70173,1.60162,17.995170294
2026-03-25,2026-Mar-25 04:43,272.981401,-2.930542,4.17127,1.80651,6.5293952072,2026-Mar-25 16:12,86.780362,-3.034659,4.61142,1.99456,18.0441698328
2026-03-26,2026-Mar-26 04:44,273.462658,-3.101945,5.08213,2.19961,6.6118192819,2026-Mar-26 16:11,86.351589,-3.064454,5.52094,2.38673,18.0931691195
2026-03-27,2026-Mar-27 04:44,273.857394,-3.038744,5.99223,2.59161,6.6775305373,2026-Mar-27 16:10,85.923648,-3.094204,6.43038,2.77803,18.1421676814
2026-03-28,2026-Mar-28 04:44,274.251218,-2.975696,6.90229,2.98269,6.7432408933,2026-Mar-28 16:09,85.4966,-3.124008,7.33982,3.16836,18.1911652421
2026-03-29,2026-Mar-29 04:44,274.644008,-2.912746,7.8124,3.37275,6.8089501971,2026-Mar-29 16:09,85.156122,-2.919499,8.24998,3.55791,18.2568740612
2026-03-30,2026-Mar-30 04:45,275.121791,-3.08405,8.72327,3.76198,6.8913708291,2026-Mar-30 16:08,84.731134,-2.94987,9.15969,3.94605,18.3058697255
2026-03-31,2026-Mar-31 04:45,275.51222,-3.020973,9.63376,4.14975,6.9570784683,2026-Mar-31 16:07,84.307202,-2.980611,10.06969,4.33295,18.3548648689
2026-04-01,2026-Apr-01 04:45,275.901264,-2.957806,10.54458,4.53624,7.022785795,2026-Apr-01 16:06,83.884378,-3.011826,10.98007,4.71853,18.4038598924
2026-04-02,2026-Apr-02 04:46,276.375234,-3.128189,11.45647,4.92162,7.1052055061,2026-Apr-02 16:05,83.46271,-3.043615,11.89093,5.10271,18.452855175
2026-04-03,2026-Apr-03 04:46,276.761215,-3.064482,12.36826,5.30529,7.1709133468,2026-Apr-03 16:04,83.04225,-3.076079,12.80238,5.48539,18.501851005
2026-04-04,2026-Apr-04 04:46,277.145464,-3.0005,13.28069,5.68741,7.2366218376,2026-Apr-04 16:03,82.62305,-3.109318,13.71451,5.86649,18.5508475424
2026-04-05,2026-Apr-05 04:46,277.527865,-2.93619,14.19384,6.06791,7.3023310657,2026-Apr-05 16:02,82.205162,-3.143428,14.6274,6.24592,18.5998448114
2026-04-06,2026-Apr-06 04:47,277.995057,-3.104378,15.10844,6.44694,7.384753289,2026-Apr-06 16:02,81.874994,-2.945575,15.54177,6.62385,18.6655550188
2026-04-07,2026-Apr-07 04:47,278.373455,-3.039047,16.0233,6.8239,7.4504637687,2026-Apr-07 16:01,81.460016,-2.981963,16.45644,6.99966,18.7145533903
2026-04-08,2026-Apr-08 04:47,278.749654,-2.973243,16.93913,7.19895,7.516174594,2026-Apr-08 16:00,81.046526,-3.019517,17.37212,7.37353,18.7635519941
2026-04-09,2026-Apr-09 04:48,279.210566,-3.139055,17.85665,7.57225,7.5985978154,2026-Apr-09 15:59,80.634586,-3.058325,18.28888,7.74535,18.8125505722
2026-04-10,2026-Apr-10 04:48,279.582048,-3.07194,18.77465,7.9432,7.664308571,2026-Apr-10 15:58,80.224258,-3.098476,19.20679,8.11503,18.8615488635
2026-04-11,2026-Apr-11 04:48,279.950977,-3.004237,19.69385,8.31196,7.7300189082,2026-Apr-11 15:57,79.815607,-3.140054,20.12593,8.48248,18.9105466324
2026-04-12,2026-Apr-12 04:48,280.317237,-2.935919,20.61431,8.67843,7.795728618,2026-Apr-12 15:57,79.495576,-2.951806,21.047,8.84785,18.9762560007
2026-04-13,2026-Apr-13 04:49,280.768037,-3.097987,21.53674,9.04275,7.8781498712,2026-Apr-13 15:56,79.090602,-2.996795,21.96879,9.21053,19.025252301
2026-04-14,2026-Apr-14 04:49,281.128632,-3.028093,22.45992,9.40434,7.9438580802,2026-Apr-14 15:55,78.687511,-3.043459,22.892,9.57067,19.0742479215
2026-04-15,2026-Apr-15 04:49,281.486212,-2.957523,23.38455,9.76334,8.0095657412,2026-Apr-15 15:54,78.286375,-3.091868,23.81668,9.92819,19.1232431589
2026-04-16,2026-Apr-16 04:50,281.92824,-3.11636,24.31134,10.11989,8.091985561,2026-Apr-16 15:54,77.974442,-2.911983,24.74355,10.28323,19.1889508029
2026-04-17,2026-Apr-17 04:50,282.279466,-3.04412,25.23906,10.47341,8.1576935054,2026-Apr-17 15:53,77.577566,-2.964423,25.67136,10.63518,19.2379468355
2026-04-18,2026-Apr-18 04:50,282.627346,-2.971194,26.16839,10.82404,8.2234024135,2026-Apr-18 15:52,77.182869,-3.018801,26.60081,10.98421,19.2869440152
2026-04-19,2026-Apr-19 04:51,283.059591,-3.126678,27.10004,11.17193,8.3058248997,2026-Apr-19 15:51,76.790428,-3.07517,27.53195,11.33021,19.335942496
2026-04-20,2026-Apr-20 04:51,283.400463,-3.052089,28.03274,11.51649,8.3715363105,2026-Apr-20 15:50,76.400319,-3.133583,28.46479,11.67309,19.3849420442
2026-04-21,2026-Apr-21 04:51,283.737673,-2.97684,28.96716,11.85787,8.4372485247,2026-Apr-21 15:50,76.100251,-2.965729,29.40002,12.01297,19.4506544216
2026-04-22,2026-Apr-22 04:52,284.159157,-3.128971,29.904,12.19619,8.5196732159,2026-Apr-22 15:49,75.715178,-3.028782,30.33637,12.3493,19.4996543788
2026-04-23,2026-Apr-23 04:52,284.488717,-3.052102,30.84198,12.53091,8.585385163,2026-Apr-23 15:48,75.332661,-3.094056,31.27452,12.6822,19.5486536627
2026-04-24,2026-Apr-24 04:52,284.814301,-2.974594,31.78178,12.86214,8.6510962252,2026-Apr-24 15:48,75.040595,-2.934339,32.21518,13.01182,19.6143642451
2026-04-25,2026-Apr-25 04:53,285.224061,-3.12337,32.72411,13.19004,8.7335185176,2026-Apr-25 15:47,74.663537,-3.004644,33.15706,13.33761,19.663361464
2026-04-26,2026-Apr-26 04:53,285.541376,-3.044245,33.6677,13.51405,8.7992275103,2026-Apr-26 15:46,74.289222,-3.077361,34.1009,13.65971,19.7123577811
2026-04-27,2026-Apr-27 04:53,285.854421,-2.964478,34.61327,13.83432,8.8649357589,2026-Apr-27 15:46,74.005749,-2.926422,35.04738,13.97827,19.7780658088
2026-04-28,2026-Apr-28 04:54,286.251545,-3.109847,35.56153,14.15099,8.9473559242,2026-Apr-28 15:45,73.637249,-3.004573,35.99527,14.29274,19.8270613365
2026-04-29,2026-Apr-29 04:54,286.555742,-3.02844,36.51122,14.46354,9.0130638,2026-Apr-29 15:44,73.271654,-3.085328,36.94526,14.60328,19.8760570355
2026-04-30,2026-Apr-30 04:54,286.855393,-2.946386,37.46304,14.7721,9.0787720259,2026-Apr-30 15:44,72.997295,-2.9438,37.89808,14.91001,19.941765508
2026-05-01,2026-May-01 04:55,287.239021,-3.088298,38.41773,15.07681,9.1611931491,2026-May-01 15:43,72.637843,-3.030376,38.85244,15.21244,19.9907623551
2026-05-02,2026-May-02 04:55,287.529273,-3.004601,39.37399,15.37716,9.2269027023,2026-May-02 15:42,72.281451,-3.119735,39.80905,15.51069,20.0397599444
2026-05-03,2026-May-03 04:55,287.814715,-2.920271,40.33252,15.67328,9.2926129835,2026-May-03 15:42,72.016723,-2.988206,40.76863,15.80488,20.1054705216
2026-05-04,2026-May-04 04:56,288.184015,-3.05875,41.29404,15.96529,9.3750361783,2026-May-04 15:41,71.666812,-3.083741,41.72987,16.09453,20.1544693324
2026-05-05,2026-May-05 04:56,288.45952,-2.972833,42.25724,16.25271,9.4407474892,2026-May-05 15:41,71.408772,-2.959284,42.69414,16.37995,20.2201807503
2026-05-06,2026-May-06 04:57,288.818897,-3.108934,43.22349,16.53584,9.5231712661,2026-May-06 15:40,71.065584,-3.061209,43.66012,16.66067,20.2691799164
2026-05-07,2026-May-07 04:57,289.084113,-3.021508,44.19147,16.81422,9.5888826443,2026-May-07 15:40,70.814496,-2.944033,44.62917,16.93698,20.3348911669
2026-05-08,2026-May-08 04:57,289.344089,-2.933545,45.16186,17.08795,9.6545936708,2026-May-08 15:39,70.478286,-3.052537,45.59998,17.20842,20.3838896661
2026-05-09,2026-May-09 04:58,289.687792,-3.066507,46.13536,17.35714,9.7370164353,2026-May-09 15:39,70.234427,-2.942825,46.5739,17.47528,20.4495998335
2026-05-10,2026-May-10 04:58,289.936969,-2.977218,47.11063,17.62132,9.8027262075,2026-May-10 15:38,69.905465,-3.05807,47.54959,17.73711,20.4985969844
2026-05-11,2026-May-11 04:59,290.26988,-3.108117,48.08904,17.88077,9.8851475628,2026-May-11 15:38,69.669125,-2.955972,48.52841,17.99418,20.5643057539
2026-05-12,2026-May-12 04:59,290.507934,-3.017674,49.06923,18.13505,9.9508560282,2026-May-12 15:37,69.34769,-3.078091,49.50901,18.24605,20.6133017441
2026-05-13,2026-May-13 04:59,290.740355,-2.926899,50.05187,18.38426,10.0165642003,2026-May-13 15:37,69.119173,-2.983717,50.49274,18.49298,20.679009928
2026-05-14,2026-May-14 05:00,291.05636,-3.055329,51.03766,18.62848,10.0989848467,2026-May-14 15:36,68.805555,-3.112797,51.47825,18.73455,20.728006236
2026-05-15,2026-May-15 05:00,291.27722,-2.963738,52.0252,18.86729,10.1646939313,2026-May-15 15:36,68.585175,-3.026207,52.46687,18.97102,20.7937158078
2026-05-16,2026-May-16 05:01,291.581688,-3.090704,53.01586,19.10094,10.2471165181,2026-May-16 15:36,68.368945,-2.943675,53.4579,19.20214,20.859426703
2026-05-17,2026-May-17 05:01,291.790741,-2.998593,54.00822,19.32903,10.3128281735,2026-May-17 15:35,68.067752,-3.083473,54.45061,19.42766,20.9084266031
2026-05-18,2026-May-18 05:02,292.083437,-3.124435,55.00361,19.55179,10.395253237,2026-May-18 15:35,67.860154,-3.008701,55.44633,19.64784,20.974139672
2026-05-19,2026-May-19 05:02,292.280463,-3.032145,56.00059,19.76884,10.4609664916,2026-May-19 15:35,67.656965,-2.937951,56.44431,19.86242,21.0398529056
2026-05-20,2026-May-20 05:02,292.471453,-2.940049,56.9998,19.98026,10.5266794974,2026-May-20 15:34,67.368918,-3.088392,57.44378,20.0712,21.0888532963
2026-05-21,2026-May-21 05:03,292.745962,-3.065125,58.00188,20.18611,10.6091039545,2026-May-21 15:34,67.174865,-3.025327,58.4461,20.27438,21.154564968
2026-05-22,2026-May-22 05:03,292.924622,-2.973369,59.00538,20.38604,10.6748149674,2026-May-22 15:34,66.985468,-2.966244,59.45053,20.47174,21.2202754712
2026-05-23,2026-May-23 05:04,293.186841,-3.098234,60.01166,20.58024,10.7572371598,2026-May-23 15:34,66.800802,-2.911132,60.45702,20.66323,21.285984947
2026-05-24,2026-May-24 05:04,293.352989,-3.007133,61.01929,20.7684,10.8229461933,2026-May-24 15:33,66.531424,-3.07581,61.46483,20.84865,21.3349814223
2026-05-25,2026-May-25 05:04,293.51288,-2.916601,62.02894,20.95058,10.8886547449,2026-May-25 15:33,66.356469,-3.028313,62.47535,21.0282,21.4006898906
2026-05-26,2026-May-26 05:05,293.756223,-3.041965,63.04126,21.12684,10.9710755132,2026-May-26 15:33,66.186442,-2.984754,63.48783,21.20169,21.4663984422
2026-05-27,2026-May-27 05:05,293.903376,-2.952513,64.05483,21.29689,11.0367842591,2026-May-27 15:33,66.021405,-2.945119,64.50224,21.36907,21.5321073974
2026-05-28,2026-May-28 05:06,294.134043,-3.078462,65.07102,21.46091,11.1192058433,2026-May-28 15:33,65.861422,-2.909391,65.51854,21.53029,21.597816973
2026-05-29,2026-May-29 05:06,294.268332,-2.990374,66.08837,21.61862,11.18491582,2026-May-29 15:32,65.616814,-3.091853,66.53599,21.68518,21.6468149673
2026-05-30,2026-May-30 05:07,294.486204,-3.117228,67.10825,21.77019,11.2673388158,2026-May-30 15:32,65.467132,-3.063628,67.55594,21.83391,21.7125259568
2026-05-31,2026-May-31 05:07,294.60752,-3.030791,68.1292,21.91536,11.3330501493,2026-May-31 15:32,65.322679,-3.039258,68.57765,21.97634,21.7782375161
2026-06-01,2026-Jun-01 05:07,294.722377,-2.94539,69.15188,22.05419,11.3987619423,2026-Jun-01 15:32,65.183515,-3.018719,69.60106,22.11239,21.843949436
2026-06-02,2026-Jun-02 05:08,294.920745,-3.074394,70.17693,22.18671,11.4811862535,2026-Jun-02 15:32,65.049701,-3.001984,70.6261,22.24204,21.909661458
2026-06-03,2026-Jun-03 05:08,295.022492,-2.991088,71.20287,22.3127,11.5468982125,2026-Jun-03 15:32,64.921297,-2.989024,71.65273,22.36523,21.9753733114
2026-06-04,2026-Jun-04 05:08,295.117721,-2.909032,72.23036,22.43221,11.6126098575,2026-Jun-04 15:32,64.798364,-2.979808,72.68087,22.48191,22.0410847487
2026-06-05,2026-Jun-05 05:09,295.296406,-3.040948,73.26004,22.54527,11.6950332685,2026-Jun-05 15:32,64.680964,-2.974301,73.71046,22.59205,22.1067955789
2026-06-06,2026-Jun-06 05:09,295.378422,-2.961461,74.29042,22.65167,11.7607437019,2026-Jun-06 15:32,64.569156,-2.972467,74.74142,22.69559,22.1725056999
2026-06-07,2026-Jun-07 05:10,295.544004,-3.095672,75.32285,22.75152,11.8431657172,2026-Jun-07 15:32,64.463002,-2.974263,75.77369,22.79251,22.2382151278
2026-06-08,2026-Jun-08 05:10,295.612763,-3.019099,76.35582,22.84465,11.9088748111,2026-Jun-08 15:32,64.362563,-2.979646,76.80719,22.88275,22.3039240179
2026-06-09,2026-Jun-09 05:10,295.674948,-2.94417,77.38999,22.93109,11.974583521,2026-Jun-09 15:32,64.267897,-2.988567,77.84185,22.96628,22.3696326722
2026-06-10,2026-Jun-10 05:11,295.820702,-3.0827,78.42599,23.01085,12.0570045256,2026-Jun-10 15:32,64.179063,-3.000971,78.87759,23.04307,22.4353415242
2026-06-11,2026-Jun-11 05:11,295.869617,-3.011223,79.4623,23.08379,12.1227137147,2026-Jun-11 15:32,64.09612,-3.016796,79.91432,23.11309,22.5010510769
2026-06-12,2026-Jun-12 05:11,295.911972,-2.941658,80.49955,23.14995,12.1884238737,2026-Jun-12 15:32,64.019123,-3.035976,80.95194,23.17631,22.5667617704
2026-06-13,2026-Jun-13 05:12,296.03796,-3.085442,81.53836,23.20933,12.2708476256,2026-Jun-13 15:32,63.948127,-3.058433,81.99036,23.23271,22.6324737985
2026-06-14,2026-Jun-14 05:12,296.067133,-3.019931,82.57718,23.26183,12.3365603527,2026-Jun-14 15:32,63.883187,-3.084083,83.02946,23.28227,22.6981869638
2026-06-15,2026-Jun-15 05:12,296.089814,-2.956634,83.6166,23.3075,12.4022739237,2026-Jun-15 15:32,63.824359,-3.112837,84.0691,23.32498,22.7639006832
2026-06-16,2026-Jun-16 05:13,296.196267,-3.10672,84.65721,23.34632,12.4846999134,2026-Jun-16 15:33,63.861961,-2.933578,85.10987,23.36084,22.8463264821
2026-06-17,2026-Jun-17 05:13,296.205946,-3.048147,85.69743,23.37824,12.5504129651,2026-Jun-17 15:33,63.815594,-2.96835,86.15019,23.38979,22.9120390818
2026-06-18,2026-Jun-18 05:13,296.20923,-2.992108,86.73786,23.40327,12.6161248722,2026-Jun-18 15:33,63.775501,-3.005943,87.19067,23.41186,22.9777504351
2026-06-19,2026-Jun-19 05:13,296.206149,-2.938697,87.77836,23.4214,12.6818355097,2026-Jun-19 15:33,63.741726,-3.046271,88.23118,23.42702,23.0434605766
2026-06-20,2026-Jun-20 05:14,296.286956,-3.098909,88.81957,23.43264,12.7642573887,2026-Jun-20 15:33,63.714307,-3.089252,89.27162,23.43528,23.1091698217
2026-06-21,2026-Jun-21 05:14,296.271155,-3.05104,89.85994,23.43697,12.8299663165,2026-Jun-21 15:34,63.783561,-2.923935,90.31263,23.43665,23.1915909049
2026-06-22,2026-Jun-22 05:14,296.249099,-3.006053,90.90009,23.4344,12.895675036,2026-Jun-22 15:34,63.769044,-2.972015,91.35266,23.43111,23.2572996601
2026-06-23,2026-Jun-23 05:14,296.220828,-2.964019,91.93994,23.42495,12.9613839379,2026-Jun-23 15:34,63.76097,-3.022505,92.39235,23.41869,23.3230087371
2026-06-24,2026-Jun-24 05:14,296.186382,-2.925005,92.97939,23.40862,13.0270933141,2026-Jun-24 15:34,63.75936,-3.07533,93.43161,23.3994,23.3887183783
2026-06-25,2026-Jun-25 05:15,296.235992,-3.100083,94.01909,23.3854,13.1095156377,2026-Jun-25 15:35,63.854513,-2.919421,94.47108,23.37323,23.4711410044
2026-06-26,2026-Jun-26 05:15,296.18925,-3.067382,95.05751,23.35534,13.1752263638,2026-Jun-26 15:35,63.865988,-2.976678,95.50922,23.34024,23.5368520195
2026-06-27,2026-Jun-27 05:15,296.136465,-3.037892,96.09527,23.31846,13.2409377298,2026-Jun-27 15:35,63.883975,-3.036039,96.54667,23.30042,23.602563618
2026-06-28,2026-Jun-28 05:15,296.077683,-3.011672,97.13229,23.27477,13.3066495807,2026-Jun-28 15:35,63.908485,-3.097434,97.58335,23.25379,23.6682756114
2026-06-29,2026-Jun-29 05:15,296.012948,-2.988774,98.16849,23.22428,13.3723616909,2026-Jun-29 15:36,64.029846,-2.949485,98.61989,23.20035,23.7507000524
2026-06-30,2026-Jun-30 05:15,295.942306,-2.969251,99.20378,23.16702,13.4380737934,2026-Jun-30 15:36,64.067542,-3.014668,99.65476,23.14018,23.8164120663
2026-07-01,2026-Jul-01 05:15,295.865804,-2.953154,100.23809,23.10302,13.5037856156,2026-Jul-01 15:36,64.111786,-3.081662,100.68861,23.07327,23.8821236908
2026-07-02,2026-Jul-02 05:15,295.783487,-2.940532,101.27133,23.03229,13.5694969198,2026-Jul-02 15:37,64.252851,-2.938695,101.72209,22.99961,23.9645470143
2026-07-03,2026-Jul-03 05:15,295.695403,-2.931432,102.30342,22.95487,13.6352075413,2026-Jul-03 15:37,64.31032,-3.009002,102.75366,22.9193,0.0302573154
2026-07-04,2026-Jul-04 05:15,295.6016,-2.9259,103.3343,22.87078,13.7009174208,2026-Jul-04 15:37,64.374346,-3.080901,103.78398,22.83234,0.095966888
2026-07-05,2026-Jul-05 05:15,295.502127,-2.923982,104.36389,22.78005,13.7666266283,2026-Jul-05 15:38,64.535164,-2.942119,104.81371,22.73868,0.1783881596
2026-07-06,2026-Jul-06 05:15,295.397036,-2.925722,105.39212,22.68271,13.832335373,2026-Jul-06 15:38,64.612424,-3.016855,105.84133,22.6385,0.2440968025
2026-07-07,2026-Jul-07 05:15,295.286381,-2.931163,106.41892,22.5788,13.8980439934,2026-Jul-07 15:38,64.696234,-3.092957,106.86749,22.53175,0.3098054988
2026-07-08,2026-Jul-08 05:15,295.170217,-2.940347,107.44424,22.46835,13.9637529181,2026-Jul-08 15:39,64.876794,-2.957552,107.89286,22.41841,0.392226994
2026-07-09,2026-Jul-09 05:15,295.048605,-2.953318,108.46801,22.35141,14.0294625924,2026-Jul-09 15:39,64.973801,-3.035991,108.91593,22.29866,0.4579371128
2026-07-10,2026-Jul-10 05:15,294.921611,-2.970118,109.49016,22.22801,14.0951733685,2026-Jul-10 15:39,65.077326,-3.115548,109.93735,22.17248,0.5236484229
2026-07-11,2026-Jul-11 05:15,294.789306,-2.990792,110.51061,22.09821,14.1608853707,2026-Jul-11 15:40,65.277538,-2.982645,110.95774,22.03983,0.606073213
2026-07-12,2026-Jul-12 05:15,294.651768,-3.015386,111.52928,21.96206,14.2265983882,2026-Jul-12 15:40,65.394167,-3.063968,111.97561,21.90095,0.6717865165
2026-07-13,2026-Jul-13 05:15,294.509076,-3.043949,112.54608,21.81963,14.2923118723,2026-Jul-13 15:41,65.6073,-2.932064,112.99227,21.75571,0.7542122773
2026-07-14,2026-Jul-14 05:15,294.361316,-3.076528,113.56091,21.67097,14.3580250869,2026-Jul-14 15:41,65.73695,-3.01472,114.00621,21.60436,0.8199251534
2026-07-15,2026-Jul-15 05:15,294.208571,-3.113175,114.57368,21.51614,14.4237373669,2026-Jul-15 15:41,65.873016,-3.097993,115.01805,21.44687,0.8856368925
2026-07-16,2026-Jul-16 05:14,293.961155,-2.939067,115.58361,21.35533,14.4727360574,2026-Jul-16 15:42,66.105489,-2.966896,116.02842,21.28319,0.9680596108
2026-07-17,2026-Jul-17 05:14,293.798651,-2.983706,116.59201,21.18835,14.5384458002,2026-Jul-17 15:42,66.254423,-3.050872,117.03583,21.1136,1.033768909
2026-07-18,2026-Jul-18 05:14,293.631404,-3.032526,117.59814,21.0154,14.6041546522,2026-Jul-18 15:43,66.499554,-2.919642,118.04165,20.93794,1.1161898221
2026-07-19,2026-Jul-19 05:14,293.459493,-3.08555,118.60194,20.83654,14.6698631031,2026-Jul-19 15:43,66.661216,-3.003945,119.04441,20.75651,1.181898248
2026-07-20,2026-Jul-20 05:13,293.193414,-2.926656,119.60268,20.65196,14.7188593154,2026-Jul-20 15:43,66.829122,-3.088421,120.04479,20.56928,1.2476068999
2026-07-21,2026-Jul-21 05:13,293.012354,-2.987845,120.60171,20.46149,14.7845682286,2026-Jul-21 15:44,67.093048,-2.956498,121.04345,20.37616,1.330028361
2026-07-22,2026-Jul-22 05:13,292.826862,-3.053269,121.5983,20.2653,14.8502777527,2026-Jul-22 15:44,67.273401,-3.04083,122.03897,20.17751,1.3957381845
2026-07-23,2026-Jul-23 05:13,292.637012,-3.122931,122.59244,20.06349,14.9159879654,2026-Jul-23 15:45,67.54951,-2.907904,123.0327,19.97311,1.4781609923
2026-07-24,2026-Jul-24 05:12,292.353393,-2.979335,123.5834,19.85628,14.9649865288,2026-Jul-24 15:45,67.74209,-2.991816,124.02325,19.76333,1.5438721024
2026-07-25,2026-Jul-25 05:12,292.154975,-3.057146,124.57256,19.64343,15.0306979056,2026-Jul-25 15:45,67.940647,-3.075579,125.01129,19.54809,1.6095836427
2026-07-26,2026-Jul-26 05:11,291.863125,-2.920911,125.5585,19.42533,15.0796972884,2026-Jul-26 15:46,68.234712,-2.940855,125.99749,19.32733,1.6920076807
2026-07-27,2026-Jul-27 05:11,291.656411,-3.006811,126.5426,19.20174,15.1454090218,2026-Jul-27 15:46,68.445135,-3.023853,126.98047,19.10141,1.7577193495
2026-07-28,2026-Jul-28 05:11,291.445693,-3.096885,127.52416,18.97288,15.2111205324,2026-Jul-28 15:46,68.661352,-3.106556,127.9609,18.87026,1.8234306779
2026-07-29,2026-Jul-29 05:10,291.141823,-2.971761,128.5025,18.739,15.2601192647,2026-Jul-29 15:47,68.972795,-2.969527,128.93947,18.63378,1.9058537293
2026-07-30,2026-Jul-30 05:10,290.923199,-3.069789,129.47897,18.49984,15.3258296211,2026-Jul-30 15:47,69.200488,-3.051188,129.91482,18.39238,1.9715637497
2026-07-31,2026-Jul-31 05:09,290.611691,-2.951779,130.45224,18.25581,15.3748269107,2026-Jul-31 15:48,69.523087,-2.912241,130.88831,18.1458,2.0539852995
2026-08-01,2026-Aug-01 05:09,290.385401,-3.057639,131.42366,18.00663,15.4405357708,2026-Aug-01 15:48,69.761984,-2.992711,131.85861,17.89443,2.1196938877
2026-08-02,2026-Aug-02 05:08,290.066472,-2.946608,132.3919,17.75273,15.4895317916,2026-Aug-02 15:48,70.006343,-3.072709,132.82641,17.6382,2.1854020605
2026-08-03,2026-Aug-03 05:08,289.83275,-3.060157,133.35833,17.49382,15.5552398859,2026-Aug-03 15:49,70.345274,-2.930848,133.79242,17.37699,2.2678224807
2026-08-04,2026-Aug-04 05:07,289.506616,-2.955954,134.32164,17.23034,15.6042358669,2026-Aug-04 15:49,70.600408,-3.009473,134.7553,17.11123,2.3335309805
2026-08-05,2026-Aug-05 05:07,289.265699,-3.077033,135.28318,16.96199,15.6699447545,2026-Aug-05 15:49,70.860788,-3.087544,135.71577,16.84082,2.3992402595
2026-08-06,2026-Aug-06 05:06,288.932586,-2.979495,136.24166,16.68923,15.7189422978,2026-Aug-06 15:50,71.215361,-2.942493,136.6745,16.56565,2.4816628934
2026-08-07,2026-Aug-07 05:06,288.684727,-3.107936,137.19842,16.41176,15.7846532571,2026-Aug-07 15:50,71.486045,-3.019016,137.6302,16.28619,2.5473743379
2026-08-08,2026-Aug-08 05:05,288.344891,-3.016897,138.15215,16.13005,15.8336529346,2026-Aug-08 15:50,71.761731,-3.094893,138.58353,16.00232,2.6130866623
2026-08-09,2026-Aug-09 05:04,288.001892,-2.928825,139.10352,15.844,15.882653245,2026-Aug-09 15:51,72.131186,-2.94636,139.53516,15.71395,2.6955116702
2026-08-10,2026-Aug-10 05:04,287.744104,-3.067833,140.0532,15.5535,15.9483658881,2026-Aug-10 15:51,72.416657,-3.020474,140.48378,15.42157,2.7612241106
2026-08-11,2026-Aug-11 05:03,287.39482,-2.98603,140.99986,15.25903,15.9973656114,2026-Aug-11 15:51,72.706868,-3.093826,141.43004,15.12506,2.8269356782
2026-08-12,2026-Aug-12 05:03,287.13085,-3.131996,141.94484,14.9603,16.0630765245,2026-Aug-12 15:52,73.090389,-2.941466,142.37461,14.82431,2.9093583139
2026-08-13,2026-Aug-13 05:02,286.775598,-3.05632,142.88681,14.65779,16.1120738649,2026-Aug-13 15:52,73.389845,-3.012818,143.31618,14.51983,2.9750674226
2026-08-14,2026-Aug-14 05:01,286.41756,-2.983439,143.82647,14.35141,16.1610701262,2026-Aug-14 15:52,73.693776,-3.083296,144.25544,14.21151,3.0407756303
2026-08-15,2026-Aug-15 05:00,286.056806,-2.913314,144.76382,14.04124,16.2100657511,2026-Aug-15 15:53,74.090529,-2.9268,145.19306,13.89922,3.123195732
2026-08-16,2026-Aug-16 05:00,285.781302,-3.07238,145.69956,13.72715,16.2757735495,2026-Aug-16 15:53,74.403147,-2.995105,146.12778,13.58348,3.1889036251
2026-08-17,2026-Aug-17 04:59,285.415175,-3.00804,146.63243,13.40967,16.3247693581,2026-Aug-17 15:53,74.719956,-3.062473,147.0603,13.26418,3.2546119715
2026-08-18,2026-Aug-18 04:58,285.046541,-2.946306,147.56311,13.08868,16.3737657487,2026-Aug-18 15:53,75.040858,-3.128895,147.99064,12.94139,3.3203209715
2026-08-19,2026-Aug-19 04:58,284.76319,-3.114702,148.4923,12.76404,16.4394751348,2026-Aug-19 15:54,75.45396,-2.966814,148.91951,12.615,3.4027429749
2026-08-20,2026-Aug-20 04:57,284.389596,-3.058392,149.41875,12.43629,16.4884729029,2026-Aug-20 15:54,75.782747,-3.030996,149.84566,12.28553,3.4684533176
2026-08-21,2026-Aug-21 04:56,284.013687,-3.004498,150.34315,12.1053,16.5374712322,2026-Aug-21 15:54,76.115323,-3.094235,150.76979,11.95286,3.5341641418
2026-08-22,2026-Aug-22 04:55,283.635522,-2.952951,151.26557,11.77116,16.5864699297,2026-Aug-22 15:55,76.53953,-2.927904,151.69259,11.61684,3.6165875282
2026-08-23,2026-Aug-23 04:55,283.342599,-3.132683,152.18669,11.43371,16.6521810541,2026-Aug-23 15:55,76.879366,-2.988965,152.61284,11.27802,3.6822986232
2026-08-24,2026-Aug-24 04:54,282.959968,-3.085978,153.10529,11.09353,16.7011797426,2026-Aug-24 15:55,77.222679,-3.049127,153.53123,10.93626,3.74800946
2026-08-25,2026-Aug-25 04:53,282.575254,-3.041393,154.02208,10.75045,16.7501780351,2026-Aug-25 15:55,77.569367,-3.108412,154.44784,10.59164,3.8137197914
2026-08-26,2026-Aug-26 04:52,282.188507,-2.998851,154.93712,10.40457,16.7991757108,2026-Aug-26 15:56,78.006979,-2.936879,155.36337,10.24402,3.8961417259
2026-08-27,2026-Aug-27 04:51,281.799776,-2.95827,155.85048,10.05596,16.8481726302,2026-Aug-27 15:56,78.360085,-2.994197,156.27661,9.89394,3.9618505805
2026-08-28,2026-Aug-28 04:50,281.40911,-2.919567,156.76223,9.70472,16.8971687807,2026-Aug-28 15:56,78.716255,-3.050737,157.18828,9.54125,4.0275587117
2026-08-29,2026-Aug-29 04:50,281.103496,-3.113605,157.67309,9.35066,16.9628766034,2026-Aug-29 15:56,79.075388,-3.106538,158.09846,9.18604,4.0932663378
2026-08-30,2026-Aug-30 04:49,280.708981,-3.078707,158.58188,8.99436,17.0118718025,2026-Aug-30 15:57,79.524709,-2.930453,159.00787,8.82812,4.1756861145
2026-08-31,2026-Aug-31 04:48,280.312666,-3.045415,159.48932,8.63566,17.0608670856,2026-Aug-31 15:57,79.889423,-2.984635,159.91534,8.46808,4.2413938853
2026-09-01,2026-Sep-01 04:47,279.914594,-3.013639,160.3955,8.27464,17.1098628923,2026-Sep-01 15:57,80.256786,-3.038217,160.82159,8.10575,4.307102366
2026-09-02,2026-Sep-02 04:46,279.514811,-2.983287,161.3005,7.91137,17.1588595866,2026-Sep-02 15:57,80.626692,-3.091243,161.7267,7.74121,4.3728118495
2026-09-03,2026-Sep-03 04:45,279.113366,-2.954271,162.20442,7.54594,17.207857354,2026-Sep-03 15:58,81.086022,-2.91148,162.63139,7.37429,4.455234711
2026-09-04,2026-Sep-04 04:44,278.710312,-2.926497,163.10732,7.17843,17.2568561331,2026-Sep-04 15:58,81.460641,-2.963284,163.53447,7.00559,4.5209461687
2026-09-05,2026-Sep-05 04:44,278.392078,-3.132711,164.00992,6.80868,17.3225679077,2026-Sep-05 15:58,81.837468,-3.014661,164.43665,6.63495,4.5866581014
2026-09-06,2026-Sep-06 04:43,277.985883,-3.107399,164.91101,6.4373,17.3715675677,2026-Sep-06 15:58,82.216388,-3.065642,165.33798,6.26245,4.6523699468
2026-09-07,2026-Sep-07 04:42,277.578267,-3.083059,165.8113,6.06412,17.4205668326,2026-Sep-07 15:58,82.597284,-3.116258,166.23853,5.88821,4.7180811443
2026-09-08,2026-Sep-08 04:41,277.169299,-3.05961,166.71083,5.68925,17.4695652091,2026-Sep-08 15:59,83.066623,-2.933132,167.13898,5.51205,4.8005035912
2026-09-09,2026-Sep-09 04:40,276.759049,-3.036972,167.60967,5.31278,17.5185624338,2026-Sep-09 15:59,83.45107,-2.982912,168.03814,5.1346,4.8662125659
2026-09-10,2026-Sep-10 04:39,276.34759,-3.015066,168.50789,4.93481,17.567558547,2026-Sep-10 15:59,83.837144,-3.032415,168.9367,4.75569,4.9319205483
2026-09-11,2026-Sep-11 04:38,275.934991,-2.993817,169.40554,4.55544,17.6165538649,2026-Sep-11 15:59,84.224733,-3.081668,169.83474,4.37543,4.9976279483
2026-09-12,2026-Sep-12 04:37,275.521325,-2.973144,170.3027,4.17476,17.665548862,2026-Sep-12 15:59,84.613721,-3.130699,170.73231,3.9939,5.0633352627
2026-09-13,2026-Sep-13 04:36,275.106661,-2.952969,171.19944,3.79287,17.7145440183,2026-Sep-13 16:00,85.090144,-2.945273,171.63012,3.61094,5.1457552259
2026-09-14,2026-Sep-14 04:35,274.691067,-2.933208,172.09583,3.40987,17.7635396975,2026-Sep-14 16:00,85.481516,-2.993826,172.527,3.22719,5.2114635292
2026-09-15,2026-Sep-15 04:34,274.274614,-2.913777,172.99195,3.02586,17.8125360906,2026-Sep-15 16:00,85.873935,-3.042272,173.42364,2.84246,5.2771725781
2026-09-16,2026-Sep-16 04:34,273.942771,-3.129375,173.88849,2.64066,17.8782455212,2026-Sep-16 16:00,86.267284,-3.090653,174.32011,2.45686,5.3428823313
2026-09-17,2026-Sep-17 04:33,273.524701,-3.11045,174.78429,2.25491,17.9272432904,2026-Sep-17 16:00,86.661445,-3.139013,175.2165,2.07048,5.4085926411
2026-09-18,2026-Sep-18 04:32,273.105969,-3.091572,175.68004,1.86844,17.9762415102,2026-Sep-18 16:01,87.142006,-2.952556,176.1135,1.68316,5.4910155936
2026-09-19,2026-Sep-19 04:31,272.686639,-3.072649,176.57582,1.48133,18.0252399466,2026-Sep-19 16:01,87.537358,-3.000943,177.00995,1.29551,5.5567263429
2026-09-20,2026-Sep-20 04:30,272.266772,-3.053584,177.4717,1.09368,18.0742383444,2026-Sep-20 16:01,87.933164,-3.049472,177.90654,0.90737,5.6224369303
2026-09-21,2026-Sep-21 04:29,271.846429,-3.034281,178.36778,0.70559,18.1232364505,2026-Sep-21 16:01,88.329307,-3.098196,178.80336,0.51883,5.6881471119
2026-09-22,2026-Sep-22 04:28,271.425668,-3.014641,179.26414,0.31715,18.1722340391,2026-Sep-22 16:02,88.811004,-2.912083,179.70113,0.12971,5.7705689831
2026-09-23,2026-Sep-23 04:27,271.004548,-2.994564,180.16085,-0.07155,18.221230943,2026-Sep-23 16:02,89.207384,-2.961347,180.59868,-0.25935,5.8362778222
2026-09-24,2026-Sep-24 04:26,270.583125,-2.973949,181.05803,-0.46043,18.270227094,2026-Sep-24 16:02,89.603745,-3.011,181.49673,-0.64855,5.9019859224
2026-09-25,2026-Sep-25 04:25,270.16145,-2.952693,181.95575,-0.84939,18.3192225641,2026-Sep-25 16:02,89.999973,-3.061108,182.39538,-1.03779,5.9676934352
2026-09-26,2026-Sep-26 04:24,269.739576,-2.93069,182.85412,-1.23834,18.3682175923,2026-Sep-26 16:02,90.395952,-3.111742,183.29474,-1.42698,6.0334006799
2026-09-27,2026-Sep-27 04:24,269.401971,-3.143149,183.75388,-1.62748,18.4339248681,2026-Sep-27 16:03,90.876453,-2.927853,184.19553,-1.81632,6.115820399
2026-09-28,2026-Sep-28 04:23,268.979752,-3.119309,184.65387,-2.01618,18.4829202725,2026-Sep-28 16:03,91.271501,-2.979783,185.09661,-2.20517,6.1815284716
2026-09-29,2026-Sep-29 04:22,268.55748,-3.094389,185.55484,-2.40462,18.5319165345,2026-Sep-29 16:03,91.665952,-3.032465,185.99872,-2.59372,6.2472375564
2026-09-30,2026-Sep-30 04:21,268.135205,-3.068283,186.45689,-2.79272,18.5809139079,2026-Sep-30 16:03,92.05969,-3.08597,186.90196,-2.98189,6.3129477823
2026-10-01,2026-Oct-01 04:20,267.71298,-3.040885,187.36012,-3.18039,18.6299123745,2026-Oct-01 16:03,92.452596,-3.140364,187.80643,-3.36959,6.378658988
2026-10-02,2026-Oct-02 04:19,267.290867,-3.012091,188.26461,-3.56753,18.6789116338,2026-Oct-02 16:04,92.928974,-2.960864,188.71284,-3.75697,6.4610830592
2026-10-03,2026-Oct-03 04:18,266.868927,-2.981798,189.17047,-3.95405,18.727911183,2026-Oct-03 16:04,93.319743,-3.0173,189.62002,-4.14341,6.5267948409
2026-10-04,2026-Oct-04 04:17,266.447232,-2.949911,190.07775,-4.33985,18.7769104541,2026-Oct-04 16:04,93.709304,-3.0748,190.52868,-4.52908,6.5925060873
2026-10-05,2026-Oct-05 04:16,266.025854,-2.916334,190.98655,-4.72481,18.8259089626,2026-Oct-05 16:04,94.097528,-3.133409,191.43888,-4.91386,6.6582164002
2026-10-06,2026-Oct-06 04:16,265.688495,-3.115617,191.89757,-5.1091,18.8916187234,2026-Oct-06 16:05,94.568356,-2.958763,192.35135,-5.29792,6.7406379192
2026-10-07,2026-Oct-07 04:15,265.267907,-3.078257,192.80962,-5.49209,18.9406151174,2026-Oct-07 16:05,94.953425,-3.019834,193.26488,-5.68062,6.806346154
2026-10-08,2026-Oct-08 04:14,264.847876,-3.038939,193.7234,-5.87392,18.9896106694,2026-Oct-08 16:05,95.336779,-3.082129,194.18019,-6.0621,6.8720537279
2026-10-09,2026-Oct-09 04:13,264.428483,-2.997582,194.63899,-6.25449,19.0386057784,2026-Oct-09 16:06,95.802106,-2.911727,195.09798,-6.44255,6.9544733815
2026-10-10,2026-Oct-10 04:12,264.00981,-2.954113,195.55647,-6.6337,19.0876009017,2026-Oct-10 16:06,96.181552,-2.976712,196.01706,-6.8213,7.0201809652
2026-10-11,2026-Oct-11 04:12,263.675127,-3.142317,196.47654,-7.0117,19.1533087394,2026-Oct-11 16:06,96.558912,-3.043006,196.93813,-7.19852,7.0858891194
2026-10-12,2026-Oct-12 04:11,263.25808,-3.094202,197.39799,-7.38785,19.2023049641,2026-Oct-12 16:06,96.934063,-3.110632,197.86125,-7.57411,7.1515980285
2026-10-13,2026-Oct-13 04:10,262.842009,-3.043743,198.32152,-7.76231,19.2513019708,2026-Oct-13 16:07,97.390327,-2.946412,198.78714,-7.9482,7.2340200078
2026-10-14,2026-Oct-14 04:09,262.426997,-2.990867,199.24721,-8.13497,19.3002997016,2026-Oct-14 16:07,97.760574,-3.016967,199.71457,-8.32018,7.2997303393
2026-10-15,2026-Oct-15 04:08,262.013128,-2.935502,200.17511,-8.50572,19.3492979843,2026-Oct-15 16:07,98.12824,-3.088928,200.64425,-8.69019,7.3654411103
2026-10-16,2026-Oct-16 04:08,261.683264,-3.110377,201.10592,-8.87471,19.4150088814,2026-Oct-16 16:08,98.576395,-2.929792,201.57688,-9.05838,7.4478643672
2026-10-17,2026-Oct-17 04:07,261.271879,-3.049561,202.03843,-9.24131,19.4640075351,2026-Oct-17 16:08,98.938408,-3.004855,202.51123,-9.42413,7.5135752517
2026-10-18,2026-Oct-18 04:06,260.86189,-2.986026,202.97333,-9.60567,19.5130059917,2026-Oct-18 16:08,99.297471,-3.081395,203.44802,-9.78758,7.5792858211
2026-10-19,2026-Oct-19 04:05,260.453375,-2.9197,203.9107,-9.9677,19.5620040259,2026-Oct-19 16:09,99.736398,-2.927669,204.38796,-10.14889,7.6617081702
2026-10-20,2026-Oct-20 04:05,260.128887,-3.082294,204.85125,-10.32751,19.6277137613,2026-Oct-20 16:09,100.089064,-3.007478,205.32981,-10.50743,7.7274175626
2026-10-21,2026-Oct-21 04:04,259.723529,-3.009876,205.79373,-10.68453,19.6767105051,2026-Oct-21 16:09,100.438415,-3.088835,206.27429,-10.86336,7.7931262526
2026-10-22,2026-Oct-22 04:03,259.319887,-2.934441,206.73888,-11.03887,19.7257065708,2026-Oct-22 16:10,100.867009,-2.940826,207.22213,-11.21682,7.8755466204
2026-10-23,2026-Oct-23 04:03,259.000271,-3.08685,207.68742,-11.39069,19.7914144123,2026-Oct-23 16:10,101.209232,-3.025616,208.17208,-11.5672,7.9412543091
2026-10-24,2026-Oct-24 04:02,258.600266,-3.004842,208.63811,-11.7394,19.840409752,2026-Oct-24 16:10,101.547785,-3.112028,209.12489,-11.91465,8.0069620088
2026-10-25,2026-Oct-25 04:01,258.2022,-2.919589,209.59169,-12.08514,19.8894053396,2026-Oct-25 16:11,101.964962,-2.970046,210.0813,-12.25932,8.089382509
2026-10-26,2026-Oct-26 04:01,257.888171,-3.061026,210.5489,-12.42803,19.9551139691,2026-Oct-26 16:11,102.29568,-3.060067,211.04006,-12.60062,8.1550916769
2026-10-27,2026-Oct-27 04:00,257.494185,-2.968717,211.5085,-12.76753,20.0041114293,2026-Oct-27 16:12,102.704668,-2.922397,212.00258,-12.93894,8.2375143727
2026-10-28,2026-Oct-28 04:00,257.184196,-3.102312,212.4719,-13.10398,20.0698224301,2026-Oct-28 16:12,103.027083,-3.016143,212.9676,-13.27368,8.3032259361
2026-10-29,2026-Oct-29 03:59,256.794588,-3.002624,213.43781,-13.43682,20.1188221377,2026-Oct-29 16:12,103.345247,-3.111634,213.93584,-13.605,8.3689382668
2026-10-30,2026-Oct-30 03:59,256.488964,-3.128037,214.40765,-13.76641,20.1845346277,2026-Oct-30 16:13,103.741041,-2.980458,214.90804,-13.933,8.4513630554
2026-10-31,2026-Oct-31 03:58,256.104065,-3.020671,215.38012,-14.09218,20.2335346589,2026-Oct-31 16:13,104.050178,-3.079765,215.8829,-14.25711,8.5170750795
2026-11-01,2026-Nov-01 03:58,255.803174,-3.137593,216.35661,-14.41447,20.2992462754,2026-Nov-01 16:14,104.436573,-2.953099,216.8618,-14.57768,8.5994984865
2026-11-02,2026-Nov-02 03:57,255.423354,-3.022286,217.33581,-14.7327,20.3482445516,2026-Nov-02 16:14,104.736188,-3.056209,217.84343,-14.89412,8.665208494
2026-11-03,2026-Nov-03 03:57,255.1276,-3.130457,218.31911,-15.04721,20.4139540395,2026-Nov-03 16:15,105.112694,-2.934022,218.8292,-15.20678,8.7476297885
2026-11-04,2026-Nov-04 03:56,254.753257,-3.006997,219.30519,-15.35744,20.4629503447,2026-Nov-04 16:15,105.402308,-3.040857,219.81776,-15.51509,8.8133380736
2026-11-05,2026-Nov-05 03:56,254.463067,-3.106211,220.29545,-15.66369,20.5286584303,2026-Nov-05 16:16,105.768451,-2.923053,220.81051,-15.81937,8.8957583585
2026-11-06,2026-Nov-06 03:55,254.09461,-2.974439,221.28853,-15.96545,20.577654133,2026-Nov-06 16:16,106.047607,-3.033484,221.8061,-16.11907,8.9614664752
2026-11-07,2026-Nov-07 03:55,253.810422,-3.064541,222.28583,-16.26299,20.6433624471,2026-Nov-07 16:17,106.402937,-2.919915,222.80593,-16.4145,9.0438873731
2026-11-08,2026-Nov-08 03:54,253.448267,-2.92434,223.28597,-16.5558,20.6923590742,2026-Nov-08 16:17,106.671196,-3.033764,223.80861,-16.70513,9.1095966827
2026-11-09,2026-Nov-09 03:54,253.170525,-3.00522,224.29036,-16.84416,20.7580687631,2026-Nov-09 16:18,107.015281,-2.924235,224.81553,-16.99124,9.1920190746
2026-11-10,2026-Nov-10 03:54,252.896104,-3.081291,225.29829,-17.12776,20.8237792176,2026-Nov-10 16:18,107.272223,-3.04129,225.8253,-17.27233,9.2577298801
2026-11-11,2026-Nov-11 03:53,252.544248,-2.928086,226.30906,-17.40629,20.8727780068,2026-Nov-11 16:19,107.604645,-2.935572,226.8393,-17.54868,9.3401535122
2026-11-12,2026-Nov-12 03:53,252.276954,-2.994821,227.32404,-17.68002,20.9384895051,2026-Nov-12 16:19,107.849863,-3.055594,227.85612,-17.81977,9.4058651182
2026-11-13,2026-Nov-13 03:53,252.013328,-3.056703,228.34254,-17.94864,21.004201145,2026-Nov-13 16:20,108.170219,-2.953432,228.87714,-18.08589,9.4882890245
2026-11-14,2026-Nov-14 03:53,251.753487,-3.113721,229.36452,-18.21205,21.0699126591,2026-Nov-14 16:20,108.403323,-3.076163,229.90093,-18.34654,9.5540003777
2026-11-15,2026-Nov-15 03:52,251.416917,-2.942863,230.38926,-18.46995,21.118911513,2026-Nov-15 16:21,108.711225,-2.977282,230.92889,-18.60198,9.6364235671
2026-11-16,2026-Nov-16 03:52,251.165107,-2.990471,231.41814,-18.72258,21.1846221242,2026-Nov-16 16:21,108.93184,-3.10245,231.95957,-18.85175,9.7021338481
2026-11-17,2026-Nov-17 03:52,250.917422,-3.033201,232.45045,-18.96968,21.2503320853,2026-Nov-17 16:22,109.226918,-3.006558,232.99437,-19.09609,9.7845557572
2026-11-18,2026-Nov-18 03:52,250.673975,-3.071054,233.48615,-19.21112,21.3160413838,2026-Nov-18 16:22,109.434688,-3.13388,234.03183,-19.33454,9.8502647441
2026-11-19,2026-Nov-19 03:52,250.434876,-3.104032,234.52521,-19.4468,21.3817501246,2026-Nov-19 16:23,109.716596,-3.040672,235.07337,-19.56735,9.9326855773
2026-11-20,2026-Nov-20 03:52,250.200235,-3.13214,235.56762,-19.67663,21.4474585453,2026-Nov-20 16:24,109.991829,-2.948884,236.11824,-19.79424,10.0151062682
2026-11-21,2026-Nov-21 03:51,249.88981,-2.934468,236.61262,-19.90035,21.4964547195,2026-Nov-21 16:24,110.179601,-3.079028,237.1657,-20.01496,10.0808149503
2026-11-22,2026-Nov-22 03:51,249.664465,-2.953173,237.66163,-20.11818,21.5621637111,2026-Nov-22 16:25,110.441187,-2.989459,238.21716,-20.22974,10.1632367036
2026-11-23,2026-Nov-23 03:51,249.443875,-2.967022,238.71392,-20.32987,21.6278736867,2026-Nov-23 16:25,110.615325,-3.121042,239.27116,-20.43818,10.2289473295
2026-11-24,2026-Nov-24 03:51,249.228134,-2.976023,239.76945,-20.53534,21.6935849395,2026-Nov-24 16:26,110.862978,-3.033393,240.32912,-20.64048,10.3113715603
2026-11-25,2026-Nov-25 03:51,249.017335,-2.980183,240.82819,-20.73448,21.7592974285,2026-Nov-25 16:27,111.103599,-2.946768,241.39027,-20.83642,10.3937968492
2026-11-26,2026-Nov-26 03:51,248.811572,-2.979512,241.8901,-20.92723,21.8250107262,2026-Nov-26 16:27,111.256653,-3.080107,242.45383,-21.02576,10.4595103015
2026-11-27,2026-Nov-27 03:51,248.610943,-2.974022,242.95513,-21.11348,21.8907241392,2026-Nov-27 16:28,111.482933,-2.994923,243.52123,-21.2087,10.5419357816
2026-11-28,2026-Nov-28 03:51,248.415548,-2.96373,244.02322,-21.29315,21.9564369571,2026-Nov-28 16:28,111.621668,-3.128969,244.59091,-21.38487,10.6076480715
2026-11-29,2026-Nov-29 03:51,248.225489,-2.948658,245.09432,-21.46614,22.0221486964,2026-Nov-29 16:29,111.833339,-3.044858,245.66431,-21.55443,10.6900714665
2026-11-30,2026-Nov-30 03:51,248.04087,-2.928837,246.16834,-21.63237,22.0878592233,2026-Nov-30 16:30,112.037656,-2.961282,246.7406,-21.71717,10.7724937125
2026-12-01,2026-Dec-01 03:52,247.941813,-3.122189,247.24598,-21.79185,22.1702810225,2026-Dec-01 16:30,112.154327,-3.095781,247.81898,-21.8729,10.8382028217
2026-12-02,2026-Dec-02 03:52,247.768402,-3.092719,248.32565,-21.94428,22.2359898842,2026-Dec-02 16:31,112.343702,-3.012607,248.90084,-22.02174,10.9206238263
2026-12-03,2026-Dec-03 03:52,247.600749,-3.058646,249.40802,-22.08969,22.3016985576,2026-Dec-03 16:32,112.525586,-2.92959,249.98535,-22.16352,11.0030448695
2026-12-04,2026-Dec-04 03:52,247.438955,-3.020031,250.49299,-22.228,22.3674074546,2026-Dec-04 16:32,112.619765,-3.063523,251.07166,-22.29805,11.0687540175
2026-12-05,2026-Dec-05 03:52,247.283119,-2.976942,251.58046,-22.35915,22.4331168851,2026-Dec-05 16:33,112.786484,-2.980131,252.16116,-22.42547,11.1511761084
2026-12-06,2026-Dec-06 03:52,247.133336,-2.929453,252.67032,-22.48305,22.4988270254,2026-Dec-06 16:33,112.865586,-3.113015,253.25224,-22.54551,11.2168866471
2026-12-07,2026-Dec-07 03:53,247.069614,-3.094138,253.7632,-22.59972,22.5812502114,2026-Dec-07 16:34,113.017046,-3.028696,254.34627,-22.6583,11.2993101981
2026-12-08,2026-Dec-08 03:53,246.932289,-3.037865,254.85746,-22.70894,22.6469617536,2026-Dec-08 16:35,113.160905,-2.943814,255.44237,-22.76367,11.3817343139
2026-12-09,2026-Dec-09 03:53,246.801303,-2.977449,255.95372,-22.81073,22.7126737586,2026-Dec-09 16:35,113.217134,-3.074194,256.53964,-22.8615,11.4474464624
2026-12-10,2026-Dec-10 03:54,246.756552,-3.128961,257.05261,-22.9051,22.79509827,2026-Dec-10 16:36,113.345667,-2.987511,257.63947,-22.95189,11.5298709701
2026-12-11,2026-Dec-11 03:54,246.638599,-3.060335,258.15247,-22.99186,22.8608104097,2026-Dec-11 16:36,113.38668,-3.115513,258.74018,-23.03464,11.5955829657
2026-12-12,2026-Dec-12 03:54,246.527248,-2.987851,259.25391,-23.07104,22.9265222226,2026-Dec-12 16:37,113.499883,-3.026444,259.84316,-23.10984,11.6780068199
2026-12-13,2026-Dec-13 03:55,246.502351,-3.127164,260.35754,-23.14263,23.0089458087,2026-Dec-13 16:38,113.605492,-2.936051,260.94751,-23.17737,11.7604300721
2026-12-14,2026-Dec-14 03:55,246.404553,-3.047089,261.46171,-23.20651,23.0746564474,2026-Dec-14 16:38,113.623584,-3.059497,262.0523,-23.23716,11.82614035
2026-12-15,2026-Dec-15 03:55,246.313588,-2.963459,262.56703,-23.26267,23.1403664108,2026-Dec-15 16:39,113.713927,-2.965838,263.15894,-23.28927,11.9085622786
2026-12-16,2026-Dec-16 03:56,246.30933,-3.091605,263.67411,-23.31113,23.2227880762,2026-Dec-16 16:39,113.716865,-3.085571,264.26574,-23.33357,11.9742714013
2026-12-17,2026-Dec-17 03:56,246.232367,-3.00103,264.7813,-23.35179,23.2884970415,2026-Dec-17 16:40,113.792024,-2.988083,265.3741,-23.37013,12.056692569
2026-12-18,2026-Dec-18 03:57,246.242183,-3.122327,265.88999,-23.38467,23.3709182087,2026-Dec-18 16:40,113.779889,-3.103599,266.48235,-23.39885,12.1224015444
2026-12-19,2026-Dec-19 03:57,246.179476,-3.02525,266.9985,-23.40973,23.4366273795,2026-Dec-19 16:41,113.839978,-3.001743,267.59189,-23.41978,12.2048233512
2026-12-20,2026-Dec-20 03:57,246.1239,-2.925133,268.10747,-23.42696,23.502337288,2026-Dec-20 16:41,113.812881,-3.11257,268.70106,-23.43286,12.270533812
2026-12-21,2026-Dec-21 03:58,246.155388,-3.03704,269.21755,-23.43638,23.584760606,2026-Dec-21 16:42,113.858048,-3.005842,269.81126,-23.43812,12.3529578027
2026-12-22,2026-Dec-22 03:58,246.11436,-2.931057,270.32706,-23.43796,23.6504728911,2026-Dec-22 16:42,113.816128,-3.111546,270.92084,-23.43555,12.4186707053
2026-12-23,2026-Dec-23 03:59,246.160475,-3.037295,271.43743,-23.4317,23.7328985481,2026-Dec-23 16:43,113.846544,-2.999483,272.0312,-23.42514,12.5010967205
2026-12-24,2026-Dec-24 03:59,246.134139,-2.925852,272.54698,-23.41763,23.7986124108,2026-Dec-24 16:43,113.789952,-3.09967,273.14067,-23.40692,12.5668105412
2026-12-25,2026-Dec-25 04:00,246.19504,-3.026868,273.65713,-23.39571,23.8810383103,2026-Dec-25 16:44,113.805795,-2.981839,274.25067,-23.38085,12.6492360027
2026-12-26,2026-Dec-26 04:01,246.263317,-3.125491,274.76696,-23.36597,23.9634632524,2026-Dec-26 16:44,113.734686,-3.076126,275.35952,-23.34699,12.7149479647
2026-12-27,2026-Dec-27 04:01,246.259357,-3.006584,275.8756,-23.32844,0.0291745785,2026-Dec-27 16:45,113.736138,-2.952095,276.46865,-23.30529,12.7973708929
2026-12-28,2026-Dec-28 04:02,246.342642,-3.100659,276.98445,-23.28306,0.1115969489,2026-Dec-28 16:45,113.650682,-3.040094,277.57639,-23.25582,12.8630804415
2026-12-29,2026-Dec-29 04:02,246.353682,-2.977297,278.09186,-23.22993,0.1773061477,2026-Dec-29 16:45,113.558193,-3.124876,278.68339,-23.19856,12.9287893846
2026-12-30,2026-Dec-30 04:03,246.452096,-3.067303,279.19924,-23.16898,0.2597272831,2026-Dec-30 16:46,113.538376,-2.990728,279.7903,-23.1335,13.0112105281
2026-12-31,2026-Dec-31 04:03,246.478219,-2.939938,280.30494,-23.10033,0.3254362348,2026-Dec-31 16:46,113.43188,-3.068622,280.89545,-23.06076,13.0769196911
