,TIC ID,TOI,RA,Dec,RA_deg,Dec_deg,TFOPWG Disposition,Master Priority,SG1A Priority,SG1B Priority,SG2 Priority,SG3 Priority,SG4 Priority,SG5 Priority,Teff (TOI),Orbital Period (TOI),Orbital Period (TOI) Unc.,J mag,J mag Unc.,H mag,H mag Unc.,K mag,K mag Unc.,Stellar Companion Separation,Stellar Companion Delta mag,Stellar Companion Observation date,Spectra?,NIRC2?,Best imaging contrast
73454,194234471,6192.01,00:06:26.96,37:51:18.99,1.6123333333333332,37.855275,PC,3,4,3,3,3,4,4,4490.0,3.563037,9.4e-06,11.51,0.023,10.986,0.022,10.892,0.023,1.323,3.4,2023-09-29,False,False,5.1
58163,83148519,4001.01,00:10:06.95,64:34:21.24,2.5289583333333328,64.57256666666666,PC,3,4,3,3,4,4,4,5696.0,4.8982659,2e-05,11.029,0.021,10.719,0.023,10.649,0.02,1.073,5.629,2021-11-11,True,False,6.718
73476,327126871,6336.01,00:13:36.95,56:11:04.77,3.4039583333333328,56.18465833333333,PC,3,4,3,3,3,4,4,8796.0,39.810528,0.000317,11.142,0.021,11.037,0.017,10.986,0.017,0.924,3.8,2023-08-30,True,False,6.2
5586,211438925,194.01,00:20:38.53,-23:56:08.84,5.160541666666666,-23.93578888888889,KP,3,5,5,3,5,4,5,5940.0,4.8996461,1e-06,9.701,0.021,9.417,0.021,9.39,0.024,0.2653,1.0,2020-10-31,True,False,6.05
58139,403340402,3993.01,00:21:45.12,59:06:20.72,5.437999999999999,59.105755555555554,PC,3,4,4,3,3,4,4,6424.0,2.2237066530678,0.0001775203,10.912,0.023,10.634,0.029,10.586,0.021,0.136,1.1,2021-08-04,True,False,6.11
58135,403347341,3992.01,00:22:30.1,57:52:23.79,5.625416666666665,57.873275,PC,3,4,3,3,3,4,4,5324.0,6.397886,1.05e-05,11.642,0.023,11.351,0.032,11.272,0.019,0.168,0.9,2021-08-04,True,False,5.5
75576,419524589,7131.01,00:33:37.52,63:16:02.44,8.406333333333333,63.26734444444445,PC,3,4,3,3,3,4,4,,5.3295884,2.27e-05,12.027,0.027,11.877,0.032,11.837,0.024,0.076,1.8,2025-11-09,False,False,4.4
73466,283845022,6329.01,00:33:56.35,60:05:03.59,8.484791666666666,60.08433055555556,PC,3,4,3,3,3,4,4,5675.0,15.2334037,5.67e-05,11.773,0.023,11.455,0.032,11.333,0.02,0.085,0.6,2024-07-29,False,False,4.7
58114,452938965,3988.01,00:34:02.02,58:50:39.45,8.508416666666665,58.84429166666667,PC,3,4,3,3,3,4,4,6334.0,2.8744227,7e-06,11.44,0.023,11.165,0.028,11.069,0.026,1.0,5.2,2021-08-02,True,False,6.0
75580,378860702,7152.01,00:40:50.97,71:21:53.22,10.212375,71.36478333333332,PC,3,4,3,3,3,4,4,,3.1875721,4.9e-06,11.492,0.031,11.3,0.035,11.204,0.028,1.212,1.72,2025-12-09,True,False,4.8
36357,53875855,1491.01,00:58:36.71,34:08:52.95,14.65295833333333,34.148041666666664,PC,3,4,4,3,4,4,4,5899.0,4.4902667,1.2e-05,9.743,0.022,9.484,0.022,9.354,0.017,0.75,4.7,2020-12-02,True,False,7.824
57443,414922696,3624.01,01:00:46.51,15:09:58.19,15.193791666666666,15.166163888888889,PC,3,4,4,3,3,4,4,6065.0,7.6460931,3.46e-05,11.21,0.024,10.9,0.032,10.872,0.02,1.225,4.5,2021-10-28,True,False,5.5
50258,53709089,2035.01,01:10:56.81,61:05:31.59,17.736708333333333,61.092108333333336,PC,3,4,3,3,4,4,4,9387.0,8.51226,0.00054,8.775,0.021,8.735,0.017,8.701,0.016,0.419,0.8,2020-10-21,True,False,7.044
59661,388816604,4540.01,01:14:21.22,01:00:17.27,18.588416666666664,1.0047972222222221,PC,3,4,3,5,4,5,5,5328.0,2.5048178,3.8e-06,12.218,0.021,11.763,0.03,11.697,0.022,0.126,1.93,2023-08-05,True,True,7.271
36713,241040309,1559.01,01:22:52.18,48:57:19.31,20.717416666666665,48.95536388888889,PC,3,4,3,3,4,4,4,8455.3,3.4648951,6.9e-06,10.104,0.022,10.056,0.02,10.03,0.022,0.04,2.35,2022-09-14,True,True,7.5
58179,397924314,4004.01,01:31:53.64,66:49:09.6,22.973499999999994,66.81933333333333,PC,3,4,4,3,3,4,4,4930.3,5.3798996,2.22e-05,11.952,0.026,11.561,0.032,11.482,0.026,0.094,0.0,2025-12-09,True,False,
51315,395393265,2152.01,01:45:21.35,77:47:24.44,26.33895833333333,77.79012222222222,CP,3,4,4,3,4,4,4,6688.0,3.3772835406158,0.00014720649,9.973,0.026,9.669,0.03,9.597,0.024,0.762,4.5,2020-10-28,True,False,6.7
68839,257922326,5326.01,01:45:48.88,10:15:12.24,26.453666666666663,10.2534,PC,3,4,3,3,3,4,4,6312.9,3.133469,0.0002958,11.13,0.026,10.868,0.025,10.839,0.026,0.1208,0.4,2023-01-04,True,False,5.3
54520,293435336,2403.01,01:46:31.9,02:42:01.4,26.632916666666663,2.700388888888889,KP,5,5,5,5,5,5,5,6278.2,1.8098811293497,1.5118850889365e-07,8.541,0.024,8.331,0.038,8.243,0.031,0.428,4.11,2018-08-28,True,False,6.75
36815,67418624,1598.01,01:54:38.48,37:00:18.15,28.66033333333333,37.00504166666666,PC,3,5,5,3,4,4,4,6011.0,1.1020719,2.6e-06,8.1,0.026,7.827,0.023,7.742,0.024,1.071,4.86,2020-12-06,True,False,7.8
36765,241076290,1560.01,01:56:07.89,52:35:07.74,29.032874999999997,52.585483333333336,PC,3,4,4,3,4,4,4,9035.0,0.2580006471362,8.668655e-06,9.911,0.021,9.899,0.019,9.85,0.016,1.496,3.7,2020-10-29,True,True,6.88
5589,268766053,272.01,02:07:38.2,-20:39:42.63,31.90916666666666,-20.661841666666664,KP,5,5,5,5,5,5,5,4953.0,3.3098457547871,1.5323723e-06,10.959,0.026,10.474,0.022,10.39,0.023,0.032,2.14,2020-12-27,True,False,6.66
73461,292469572,6289.01,02:10:28.73,43:58:30.11,32.61970833333333,43.975030555555556,PC,3,4,3,3,3,4,4,5620.2,3.7077543,7.9e-06,12.505,0.023,12.159,0.024,12.077,0.02,0.848,3.9,2024-08-18,False,False,5.1
57664,250803548,3687.01,02:16:04.39,53:06:30.01,34.01829166666666,53.108336111111115,PC,3,4,4,3,3,4,4,5854.0,4.4543921,1.28e-05,12.74,0.025,12.455,0.024,12.4,0.024,0.41,1.63,2022-09-13,True,False,5.41
73127,250839071,6040.01,02:17:47.03,53:48:27.3,34.44595833333333,53.80758333333333,PC,3,4,4,3,4,4,4,6558.7,3.4926045,2.3e-06,9.322,0.02,9.11,0.021,9.055,0.018,0.248,1.12,2025-10-01,True,True,6.754
7580,420049884,462.01,02:25:06.35,01:19:24.78,36.27645833333332,1.32355,PC,1,4,1,4,4,4,4,5205.0,4.1074291138134,8.442139e-06,10.023,0.023,9.699,0.022,9.629,0.019,0.167,0.3,2019-07-16,True,False,6.947
59730,21130820,4548.01,02:25:21.87,25:31:50.44,36.34112499999999,25.530677777777775,PC,3,4,3,3,4,4,4,5970.5,4.6003967,9.6e-06,9.341,0.02,9.064,0.022,8.989,0.021,0.408,1.343,2021-11-11,True,False,6.8
73125,285466025,6032.01,02:27:08.32,32:52:37.04,36.784666666666666,32.876955555555554,PC,3,4,3,3,2,4,4,6083.0,7.3723906253761,0.0019647216,7.439,0.03,7.175,0.021,7.119,0.018,1.135,5.822,2023-08-29,True,False,7.6
6182,120896927,402.01,02:27:28.29,-27:38:10.02,36.867875,-27.636116666666666,CP,4,5,5,5,4,4,4,5175.2,4.7559995197372,6.4461576419e-06,7.553,0.019,7.215,0.034,7.044,0.018,1.4388,5.2,2019-07-16,True,True,7.6
6662,120896927,402.02,02:27:28.29,-27:38:10.02,36.867875,-27.636116666666666,CP,1,5,5,1,4,4,4,5175.2,17.179667273347,2.82918236914e-05,7.553,0.019,7.215,0.034,7.044,0.018,1.4388,5.2,2019-07-16,True,True,7.6
38795,422923265,1641.01,02:40:58.94,42:52:16.49,40.24558333333332,42.87124722222222,PC,3,4,3,3,4,4,4,9898.0,1.8646725,3.3e-06,9.57,0.027,9.524,0.029,9.571,0.02,0.191,2.59,2021-12-21,True,False,7.1
55755,318812447,2634.01,02:44:08.77,03:54:36.84,41.036541666666665,3.9102333333333332,PC,3,5,5,3,4,4,4,5349.16,,,10.161,0.022,9.786,0.022,9.634,0.019,0.177,1.144,2021-11-11,True,False,6.976
57782,280254984,3758.01,02:45:17.67,69:06:22.53,41.32362499999999,69.10625833333333,PC,3,4,3,3,3,4,4,5868.0,3.4177514,7.1e-06,11.534,0.026,11.152,0.028,10.991,0.026,1.205,3.35,2025-10-01,True,False,5.58
57658,302470965,3676.01,02:47:47.07,49:24:37.57,41.946124999999995,49.41043611111111,PC,3,4,3,3,2,4,4,4828.4,1.9341469,4.1e-06,12.396,0.025,11.979,0.029,11.907,0.023,0.222,0.267,2021-11-11,False,False,5.469
75721,259381479,7451.01,02:53:35.88,46:10:28.42,43.399499999999996,46.17456111111111,PC,3,4,3,3,4,4,4,9225.0,3.9461778,1.07e-05,10.771,0.023,10.658,0.032,10.627,0.02,0.28,1.0,2026-01-29,True,False,5.693
48026,408618999,1736.01,02:53:44.27,69:06:04.84,43.434458333333325,69.10134444444444,CP,1,5,5,1,4,4,4,5656.0,7.0731057,1.88e-05,7.688,0.02,7.416,0.047,7.283,0.023,0.093,2.43,2021-10-19,True,True,6.7
60725,439873430,4671.01,02:54:46.95,-04:51:46.81,43.69562499999999,-4.863002777777777,PC,3,4,3,3,4,4,4,5689.0,17.1470323,0.0001936,10.985,0.021,10.712,0.021,10.61,0.023,0.134,1.921,2023-08-05,True,True,6.82
73462,238751619,6292.01,02:56:21.49,43:05:31.97,44.08954166666666,43.09221388888889,PC,3,4,3,3,3,4,4,6202.0,0.8236066,3e-06,11.004,0.023,10.718,0.021,10.645,0.018,0.95,5.6,2023-08-31,True,False,6.6
36783,251384275,1565.01,02:58:52.86,58:44:06.88,44.72024999999999,58.73524444444445,PC,3,4,3,3,4,4,4,8494.0,1099.2560384903,0.006300348,8.727,0.029,8.634,0.017,8.552,0.019,0.233,0.8,2020-10-21,True,False,7.4
57479,149855074,3647.01,02:59:10.76,37:38:07.52,44.79483333333333,37.635422222222225,PC,3,4,3,3,3,4,4,,3.1116107,0.0014249,11.461,0.025,11.088,0.024,11.033,0.022,0.809,1.6,2024-11-12,True,False,4.9
56105,71345362,2691.01,03:00:27.74,-21:16:08.98,45.115583333333326,-21.26916111111111,PC,3,4,3,3,3,4,4,5283.0,3.8821916,4.02e-05,11.839,0.024,11.453,0.022,11.376,0.024,0.2555,0.1,2021-10-03,False,False,4.0
7142,98796344,455.01,03:01:50.99,-16:35:40.19,45.46245833333333,-16.59449722222222,CP,4,5,5,4,4,4,4,3562.0,5.3587759524822,7.548971e-06,7.294,0.024,6.774,0.038,6.496,0.021,1.0333,0.7,2019-08-12,True,False,7.5
74986,243208884,6964.01,03:03:26.56,17:48:29.82,45.86066666666666,17.808283333333335,PC,2,4,2,2,3,4,4,5432.25,4.7645837859734,0.000371338,9.381,0.024,9.033,0.027,8.911,0.021,1.378,6.97,2024-09-12,True,False,5.8
54528,23170835,2430.01,03:06:14.11,-09:48:36.18,46.558791666666664,-9.81005,PC,3,4,3,3,3,4,4,6409.0,1.10071,,9.684,0.028,9.42,0.027,9.329001,0.025,0.949,4.91,2025-02-15,True,False,6.9
58885,648958344,4073.01,03:06:15.88,70:12:52.89,46.56616666666666,70.21469166666667,PC,3,4,3,3,3,4,4,,2.3079651,6.63e-05,,,,,,,0.811,0.47,2021-10-29,True,False,
59659,85593751,4516.01,03:09:28.55,30:40:24.18,47.36895833333333,30.673383333333334,KP,5,5,5,5,5,5,5,4926.0,3.7224625949848,6.929837e-05,10.015,0.02,9.56,0.019,9.421,0.017,0.439,3.31,2023-02-05,False,False,
57610,467580267,3668.01,03:12:52.43,35:05:36.44,48.21845833333333,35.09345555555556,PC,3,5,5,3,4,4,4,5921.0,0.7415247,1.2e-06,10.567,0.021,10.283,0.028,10.218,0.023,0.395,4.1,2022-02-24,True,False,6.88
57670,385400633,3702.01,03:16:24.58,58:17:15.88,49.102416666666656,58.28774444444444,PC,3,4,3,3,3,4,4,4930.6,2.2842184,2.6e-06,11.435,0.024,10.986,0.028,10.851,0.023,0.222,0.7,2022-01-17,False,False,4.9
57475,192878624,3641.01,03:19:26.15,44:44:47.06,49.85895833333332,44.746405555555555,PC,3,4,3,3,3,4,4,5668.6,5.7361495,2.6e-05,12.605,0.024,12.319,0.015,12.232,0.024,0.451,3.11,2022-09-16,True,False,5.75
54537,274194927,2439.01,03:36:06.81,01:56:01.73,54.028375,1.933813888888889,PC,3,4,3,3,4,4,4,5283.0,14.361478873089,0.0037922522,10.515,0.024,10.178,0.026,10.084,0.021,0.127,1.11,2021-10-29,True,False,7.049
57590,65440953,3665.01,03:36:51.6,44:46:11.45,54.214999999999996,44.76984722222222,PC,1,4,1,1,4,4,4,4977.4,0.8746494,0.0004607,11.556,0.022,11.051,0.021,10.976,0.019,0.56,3.5,2022-02-18,False,False,6.33
57503,65446983,3662.01,03:37:37.35,46:50:34.33,54.40562499999999,46.842869444444446,PC,3,4,4,3,3,4,4,7934.0,9.9908116,0.0020103,10.241,0.02,10.132,0.017,10.08,0.018,0.366,1.0,2021-10-21,True,False,6.0
57463,200917197,3640.01,03:38:09.18,40:28:31.99,54.53824999999999,40.47555277777778,PC,3,4,3,3,3,4,4,8273.0,1.2205315,2.7e-06,11.762,0.023,11.667,0.023,11.641,0.02,0.726,3.2,2021-10-22,True,False,6.5
59673,435336785,4543.01,03:40:33.8,13:33:09.98,55.14083333333332,13.552772222222224,PC,3,4,3,3,4,4,4,4837.8,5.7740318,6.3e-05,5.668,0.029,5.104,0.024,4.981,0.021,0.3853,2.6,2021-11-21,True,False,7.8
57786,432114158,3763.01,03:51:47.44,47:08:59.62,57.94766666666666,47.14989444444444,PC,3,4,4,3,4,4,4,7284.0,2.0042660706181,0.00018148088,11.832,0.022,11.674,0.029,11.566,0.027,0.429,3.71,2025-12-07,True,True,6.6
39058,87090944,1677.01,03:53:56.78,58:58:05.88,58.48658333333332,58.9683,PC,3,4,3,3,4,4,4,5919.7,0.64358070986308,3.8836606e-05,9.421,0.023,9.121,0.021,9.042,0.018,0.173,4.54,2020-02-16,True,False,7.668
57763,87091417,3743.01,03:53:57.83,58:44:53.18,58.49095833333333,58.748105555555554,PC,3,4,3,3,4,4,4,3898.0,2.1186344,0.0009396,11.072,0.023,10.41,0.021,10.187,0.018,0.534,1.59,2025-10-01,True,True,6.808
7562,89256802,457.01,03:54:54.09,-26:25:24.28,58.72537499999999,-26.42341111111111,PC,2,4,4,2,3,4,4,3054.0,1.1759834492408,4.5913566e-06,11.901,0.023,11.261,0.025,10.98,0.023,1.056,1.06,2020-01-09,False,False,5.23
57779,647636934,3747.01,03:55:56.08,57:50:02.84,58.98366666666666,57.83412222222223,PC,3,4,3,3,3,4,4,7747.0,1.5503071689468,0.00034876473,,,,,,,0.246,4.39,2022-09-14,False,False,6.24
59214,459913687,4198.01,03:56:04.45,03:36:36.41,59.018541666666664,3.610113888888889,PC,3,4,3,3,3,4,4,5648.0,4.746318,0.0008478,12.387,0.024,11.936,0.026,11.871,0.03,0.914,3.9,2024-08-22,False,False,4.3
73191,467649533,6045.01,04:02:33.79,34:00:14.89,60.640791666666665,34.00413611111111,PC,3,4,4,3,3,4,4,6128.0,7.4826324895385,0.001063082,9.869,0.019,9.539,0.028,9.484,0.021,0.116,2.6,2023-08-30,True,False,7.2
68871,467684543,5356.01,04:03:51.52,31:46:33.47,60.96466666666665,31.77596388888889,PC,3,4,3,3,3,4,4,6577.4,3.1948695,0.0005079,11.781,0.027,11.467,0.03,11.373,0.021,0.622,3.7,2022-12-22,False,False,6.4
73478,266609407,6350.01,04:05:38.67,50:03:12.22,61.41112499999999,50.05339444444444,PC,3,4,3,3,3,4,4,6197.6,2.4766677,8.4e-06,12.333,0.027,12.001,0.032,11.86,0.024,0.131,2.1,2023-09-30,False,False,6.1
8525,319312479,952.01,04:07:07.07,-13:46:00.69,61.77945833333332,-13.766858333333333,PC,3,4,3,3,4,4,4,7110.0,1.79011,1e-05,9.688,0.024,9.532,0.025,9.441,0.021,1.1682,4.7,2019-08-12,True,False,7.2
57758,417844678,3730.01,04:16:55.42,36:55:26.8,64.23091666666666,36.92411111111111,PC,3,4,3,3,3,4,4,4837.0,2.5404528628326,0.00058305194,12.127,0.023,11.823,0.029,11.702,0.021,0.329,1.12,2021-12-21,False,False,
54600,434260570,2455.01,04:16:58.52,14:46:17.62,64.24383333333333,14.771561111111112,PC,3,4,4,3,4,4,4,3553.0,4.720488987875,2.0676873e-06,11.505,0.022,10.856,0.022,10.654,0.018,0.504,2.92,2021-10-29,False,False,6.837
54396,459837008,2267.02,04:20:14.76,84:54:02.97,65.0615,84.90082500000001,PC,2,4,4,2,3,4,4,3022.0,2.0344366336269,1.1877154e-05,10.353,0.023,9.765,0.028,9.459,0.022,0.384,1.55,2021-12-09,False,False,5.29
54386,459837008,2267.01,04:20:14.76,84:54:02.97,65.0615,84.90082500000001,CP,2,4,4,2,4,4,4,3022.0,3.4950422219278,8.661664e-06,10.353,0.023,9.765,0.028,9.459,0.022,0.384,1.55,2021-12-09,False,False,5.29
54406,459837008,2267.03,04:20:14.76,84:54:02.97,65.0615,84.90082500000001,CP,1,4,4,1,4,4,4,3022.0,2.2891026682654,1.0029597e-05,10.353,0.023,9.765,0.028,9.459,0.022,0.384,1.55,2021-12-09,False,False,5.29
68851,58372253,5328.01,04:21:10.41,27:10:04.51,65.29337499999998,27.167919444444447,PC,3,4,3,3,4,4,4,6119.8,5.4886518,0.0004019,10.047,0.022,9.63,0.028,9.432,0.017,1.391,6.0,2022-11-28,True,False,7.4
59955,58472992,4625.01,04:22:36.84,25:41:59.56,65.6535,25.69987777777778,PC,2,4,2,2,4,4,4,4384.23,2.1913419945134,6.7423584e-06,9.5,0.022,8.933,0.024,8.814,0.023,0.955,1.869,2023-11-27,True,False,6.8
57724,417942201,3718.01,04:22:51.28,41:07:31.13,65.71366666666665,41.12531388888889,PC,3,4,3,3,3,4,4,6455.1,4.230596,0.0020719,11.382,0.022,11.088,0.031,11.017,0.023,0.933,4.3,2022-02-17,True,False,5.2
56108,362026280,2712.01,04:24:35.35,02:34:30.99,66.14729166666666,2.575275,PC,3,4,3,3,3,4,4,5140.1,3.078479,1.35e-05,12.268,0.024,11.902,0.026,11.852,0.026,0.382,0.67,2021-10-29,True,False,
57672,356322454,3709.01,04:31:10.88,59:09:34.43,67.79533333333333,59.15956388888889,PC,3,4,3,3,3,4,4,,3.250984610538,0.0006394532,12.14,0.023,11.77,0.031,11.637,0.026,0.526,1.86,2021-10-25,False,False,
57700,155351556,3716.01,04:32:01.39,36:00:44.91,68.00579166666665,36.012475,PC,3,4,4,3,3,4,4,4740.0,6.0985856,0.0006831,11.166,0.023,10.947,0.024,10.795,0.016,0.151,0.9,2022-02-17,True,False,5.6
54743,104986789,2578.01,04:32:12.5,52:15:09.56,68.05208333333333,52.252655555555556,PC,3,4,4,3,4,4,4,6427.8,3.4580018415387,0.00014853374,9.817,0.02,9.519,0.021,9.424,0.019,0.885,4.435,2021-11-11,True,False,5.898
59856,118820486,4609.01,04:41:29.81,21:15:27.84,70.37420833333333,21.257733333333334,PC,3,4,4,3,4,4,4,7461.4,2.6921752,3.8e-06,9.701,0.02,9.504,0.018,9.42,0.019,0.848,6.2,2022-12-01,True,False,6.9
59871,18373995,4617.01,04:44:05.44,22:34:03.37,71.02266666666667,22.56760277777778,PC,3,4,3,3,4,4,4,5752.44,3.4878753754239,2.729209e-06,11.53,0.021,11.109,0.016,11.017,0.017,0.788,4.4,2022-12-24,True,True,7.63
54666,117938087,2482.01,04:46:04.38,-15:20:36.35,71.51825,-15.343430555555557,PC,2,4,2,2,3,4,4,4779.1,14.9315582,0.0002251,8.661,0.03,8.156,0.055,7.954,0.026,0.4176,2.3,2021-03-01,True,False,7.2
38867,156724719,1653.01,04:48:07.64,39:58:00.97,72.03183333333332,39.96693611111111,PC,3,4,3,3,4,4,4,7106.5,10.9568722,8.2e-06,8.958,0.018,8.901,0.015,8.826,0.014,0.172,1.6,2020-10-18,True,False,7.3
56106,457202957,2706.01,04:48:50.59,02:28:33.42,72.21079166666665,2.47595,PC,3,4,3,3,3,4,4,5807.0,1.8851834,0.0008097,12.612,0.023,12.271,0.027,12.156,0.026,1.088,2.69,2021-10-29,False,False,
59172,468396217,4133.01,05:00:25.1,69:49:14.66,75.10458333333332,69.82073888888888,PC,3,4,3,3,3,4,4,5766.9,4.1571604,1.47e-05,12.261,0.026,12.008,0.03,11.914,0.024,0.537,2.4,2023-08-07,True,False,4.6
75835,238959233,7523.01,05:15:29.06,39:19:33.99,78.87108333333333,39.32610833333334,PC,3,4,3,3,3,4,4,,4.6612817454622,8.0727488501e-06,12.367,0.02,12.181,0.023,12.094,0.021,0.356,1.5,2026-01-07,False,False,3.3
57759,105135774,3734.01,05:17:08.55,53:43:24.45,79.28562499999998,53.72345833333333,PC,3,4,4,3,3,4,4,4880.9,2.1411860354706,0.0002916828,12.376,0.02,11.975,0.023,11.852,0.022,0.193,1.2,2025-12-09,False,False,4.46
56148,139444326,2802.01,05:22:55.48,-21:57:20.47,80.73116666666665,-21.95568611111111,PC,3,4,3,3,3,4,4,5668.0,3.5266608,1.67e-05,10.905,0.025,10.591,0.026,10.501,0.023,0.602,3.0,2024-03-13,True,False,6.4
57668,417676091,3700.01,05:29:00.21,68:28:53.06,82.250875,68.48140555555555,PC,3,4,3,3,3,4,4,6166.0,4.4184428762716,0.0006177753,12.195,0.027,11.9,0.031,11.809,0.023,0.897,3.6,2022-12-25,True,False,4.6
56113,388934707,2774.01,05:35:58.28,-07:41:18.14,83.99283333333332,-7.688372222222222,PC,3,4,3,3,3,4,4,4926.5,4.4430866,1.01e-05,11.606,0.026,11.13,0.032,11.026,0.023,0.7791,2.6,2021-11-20,False,False,6.2
74984,19560484,6934.01,05:36:43.07,23:54:08.44,84.17945833333333,23.90234444444444,PC,3,4,3,3,3,4,4,5954.0,2.8398671,0.0002735,11.961,0.022,11.571,0.023,11.518,0.02,0.721,3.8,2024-10-28,False,False,5.2
57754,322160664,3729.01,05:46:22.62,59:31:18,86.59424999999999,59.52166666666667,PC,3,4,3,3,3,4,4,5051.3,8.1744382153094,0.00097445585,12.032,0.022,11.641,0.015,11.523,0.02,0.315,1.16,2025-02-05,True,False,
69098,76545118,5428.01,05:48:49.06,28:40:16.81,87.20441666666666,28.671336111111113,PC,3,4,3,3,3,4,4,8415.0,3.0343155,0.0001933,11.434,0.018,11.327,0.021,11.273,0.018,0.339,2.9,2022-12-12,True,False,5.9
56118,317417916,2781.01,05:51:16.9,-13:22:51.76,87.82041666666666,-13.381044444444445,PC,3,4,4,3,3,4,4,3868.0,2.7636665,9.1e-06,11.693,0.026,11.046,0.026,10.911,0.023,0.452,1.83,2024-03-13,True,False,5.7
61875,247906954,5125.01,05:51:48.6,15:52:55.36,87.95249999999997,15.882044444444444,PC,1,4,1,1,3,4,4,6710.0,5.909621,2.19e-05,8.547,0.023,8.373,0.024,8.299,0.017,0.427,4.21,2024-02-18,True,False,7.8
69150,247912728,5439.01,05:52:01.35,13:12:15.55,88.005625,13.204319444444444,PC,3,4,3,3,3,4,4,7648.8,5.0775738,2.16e-05,12.756,0.023,12.507,0.024,12.456,0.025,0.763,2.4,2023-01-27,False,False,4.8
56114,317546777,2780.01,05:52:58.6,-16:17:10.37,88.24416666666666,-16.28621388888889,PC,3,4,3,3,3,4,4,7169.0,4.9062135,2.33e-05,12.443,0.033,12.272,0.035,12.182,0.034,0.3819,1.2,2021-10-03,False,False,4.2
57676,354293303,3715.01,05:55:33.8,39:07:35.47,88.89083333333333,39.12651944444445,PC,3,4,4,3,3,4,4,6351.8,2.4713542816086,0.0004766716,12.091,0.024,11.706,0.03,11.571,0.022,0.081,1.36,2026-04-04,True,False,5.11
75043,353302490,6990.01,05:59:20.72,35:16:41.36,89.83633333333333,35.27815555555556,PC,3,4,3,3,3,4,4,6047.9,1.5829358,3.1e-06,12.711,0.024,12.357,0.031,12.237,0.025,0.372,2.3,2024-10-27,False,False,4.1
60789,37117064,4706.01,06:01:57.19,-29:08:11.12,90.48829166666665,-29.136422222222222,PC,3,4,3,3,3,4,4,5309.0,735.982363,9.53e-05,10.718,0.024,10.349,0.023,10.23,0.021,0.2155,0.2,2022-04-15,True,False,6.22
75934,37348844,7718.01,06:07:29.35,-25:35:41.63,91.87229166666665,-25.594897222222222,KP,5,5,5,5,5,5,5,5780.0,0.76682205789936,2.9376028e-05,12.392,0.026,11.878,0.028,11.728,0.025,1.097,1.37,2025-12-02,False,False,5.91
60852,229210014,4721.01,06:09:18.18,11:24:41.36,92.32574999999999,11.41148888888889,PC,3,4,3,3,3,4,4,4779.0,4.0086493,1.6e-05,11.94,0.023,11.454,0.023,11.341,0.021,0.419,0.7,2023-09-23,False,False,4.8
60853,72097808,4740.01,06:09:29.61,-06:03:41.49,92.373375,-6.061525,PC,3,4,3,3,3,4,4,,5.7728793,0.0005881,11.432,0.023,11.188,0.023,11.116,0.023,0.29,0.24,2025-12-09,True,False,
69152,97669493,5474.01,06:10:02.72,32:56:37.13,92.51133333333333,32.94364722222222,PC,3,4,3,3,3,4,4,5874.0,8.4332312,0.0013029,10.803,0.019,10.484,0.022,10.385,0.018,1.371,2.4,2022-12-09,True,False,5.7
61829,239977528,5110.01,06:17:37.02,31:36:37.19,94.40424999999999,31.610330555555556,CP,3,5,5,3,4,4,4,6083.0,30.1584857,0.000152,9.687,0.022,9.386,0.024,9.318,0.021,1.084,6.2,2022-12-09,True,False,6.747
54689,443115574,2538.01,06:20:54.32,-07:17:56.18,95.22633333333332,-7.298938888888888,PC,3,4,3,3,3,4,4,7340.8,2.9103781,2.86e-05,10.155,0.024,10.068,0.022,10.0,0.023,0.123,4.75,2024-03-14,True,False,6.77
61814,438073782,5091.01,06:22:32.41,14:01:03.48,95.63504166666665,14.017633333333334,PC,3,4,4,3,4,4,4,6832.0,3.6413702,3.1e-06,10.946,0.023,10.767,0.026,10.692,0.018,0.405,4.5,2022-12-09,True,False,6.933
75842,206947218,7576.01,06:29:25.61,11:25:44.95,97.35670833333333,11.429152777777777,PC,3,4,3,3,3,4,4,5752.419,3.95316805798,4.9204521024e-06,12.161,0.024,12.009,0.026,11.976,0.025,0.202,0.7,2026-01-07,True,False,3.2
55407,220139435,2597.01,06:36:05.05,08:25:48.73,99.02104166666665,8.430202777777778,PC,3,4,3,3,3,4,4,7080.0,3.6039259,2.77e-05,9.164,0.023,9.026,0.024,8.973,0.021,0.09,0.43,2022-02-11,True,False,7.0
39418,15863518,1713.01,06:42:04.94,39:50:34.45,100.52058333333332,39.84290277777778,PC,3,4,3,3,4,4,4,5097.6,0.55725645347951,8.818959e-06,9.775,0.021,9.324,0.018,9.207,0.017,0.601,1.711,2020-12-01,True,False,6.49
69080,56798909,5404.01,06:45:26.6,22:17:25.31,101.36083333333332,22.29036388888889,PC,3,4,3,3,3,4,4,4027.0,2.177475,0.0005882,11.983,0.025,11.358,0.027,11.191,0.021,1.391,2.5,2023-01-26,False,False,4.9
55732,234160911,2600.01,06:45:38,00:40:06.79,101.40833333333332,0.6685527777777778,PC,3,4,3,3,4,4,4,4825.0,5.3376282,1.95e-05,9.254,0.037,8.758,0.044,8.563,0.023,0.595,3.329,2023-12-02,True,False,7.3
56167,123462119,2826.01,06:51:19.84,-11:35:10.47,102.83266666666664,-11.586241666666668,PC,3,4,4,3,3,4,4,9168.0,1.9275568,1.6e-06,12.31,0.024,12.176,0.025,12.106,0.03,0.8598,2.5,2021-11-22,True,False,4.15
56112,235300016,2750.01,06:53:08.41,10:39:21.28,103.28504166666664,10.655911111111111,PC,3,4,3,3,3,4,4,,6.8204309,1.23e-05,11.003,0.026,10.662,0.027,10.601,0.02,1.1442,1.1,2022-04-15,True,False,5.2
59216,237603062,4202.01,06:53:14.58,02:56:13.15,103.31074999999998,2.9369861111111115,PC,3,4,3,3,3,4,4,5247.8,2.6689906,0.0008983,12.558,0.025,12.33,0.029,12.171,0.035,0.419,1.3,2023-10-01,False,False,4.5
74883,192014454,6665.01,06:55:37.65,42:02:34.55,103.90687499999999,42.04293055555555,PC,1,4,4,1,4,4,4,5972.63,735.79791696169,0.0059145563,8.356,0.035,8.092,0.059,8.009,0.04,0.084,2.3,2023-09-28,True,False,8.2
8252,79292541,642.01,06:56:13.39,-20:03:09,104.05579166666665,-20.052500000000002,PC,3,4,3,3,3,4,4,8550.0,2.2786049,3e-06,9.147,0.039,9.166,0.026,9.073,0.023,0.9513,2.6,2019-05-19,True,False,6.9
69082,386197662,5412.01,06:56:32.33,13:25:45.09,104.13470833333332,13.429191666666666,PC,3,4,3,3,4,4,4,6419.6,0.3828485,7e-07,10.323,0.026,10.055,0.03,10.008,0.019,0.696,3.121,2023-12-02,True,False,6.9
61859,58723861,5120.01,06:56:51.38,22:35:43.61,104.21408333333332,22.59544722222222,PC,3,4,4,3,3,4,4,5778.4,24.9163182,4.98e-05,9.656,0.02,9.41,0.028,9.249,0.019,1.298,5.51,2022-04-18,True,False,7.6
69110,367193060,5438.01,06:57:49.52,25:30:55.26,104.45633333333333,25.51535,PC,3,4,4,3,3,4,4,5860.5,2.5842514,0.0002224,10.917,0.025,10.596,0.032,10.535,0.018,0.2822,2.5,2023-01-03,True,False,6.88
57790,742648307,3779.01,06:58:55.97,49:58:07.45,104.73320833333332,49.96873611111111,PC,3,4,3,3,3,4,4,,1.618057759707,7.728931e-06,,,,,,,0.776,0.88,2025-02-14,False,False,5.55
60859,269278156,4745.01,06:58:57.19,07:56:40.61,104.73829166666667,7.944613888888889,PC,3,4,3,3,3,4,4,5972.0,4.413935,2.21e-05,12.402,0.024,12.144,0.029,12.027,0.026,0.857,1.9,2023-01-17,False,False,3.6
54671,147430118,2508.01,06:59:16.31,-14:26:40.24,104.81795833333332,-14.444511111111112,PC,1,4,1,1,4,4,4,6796.0,1.6951056,1.47e-05,9.83,0.026,9.611,0.023,9.511,0.023,0.239,1.79,2021-12-18,True,False,6.7
55347,258983679,2593.01,07:00:53.65,08:05:44.42,105.22354166666665,8.095672222222223,PC,3,4,3,3,4,4,4,6514.0,1.4711386,0.0003985,9.909,0.022,9.699,0.026,9.61,0.023,1.173,4.951,2022-01-17,True,False,6.9
60855,291198795,4741.01,07:01:40.46,02:11:20.94,105.41858333333333,2.1891499999999997,PC,3,4,3,3,3,4,4,6252.0,2.4849639,0.0004804,12.031,0.041,11.798,0.062,11.709,0.047,1.3537,4.2,2022-04-16,False,False,5.6
60861,291580615,4751.01,07:03:22.1,01:40:52.4,105.84208333333332,1.6812222222222222,PC,3,4,4,3,3,4,4,,3.6014534,7.7e-06,11.637,0.025,11.45,0.028,11.379,0.025,0.441,0.5,2023-10-15,True,False,4.3
61137,177391159,4984.01,07:04:14.51,-00:22:02.3,106.06045833333332,-0.36730555555555555,PC,3,4,3,3,3,4,4,6084.3,3.6748618,2.62e-05,11.782,0.024,11.645,0.022,11.563,0.024,0.3076,0.5,2022-04-16,True,False,4.5
75836,261944532,7571.01,07:04:43.26,08:05:04.32,106.18024999999999,8.084533333333335,PC,3,4,3,3,3,4,4,6492.0,5.2456808469107,1.99127201717e-05,12.473,0.024,12.21,0.024,12.13,0.028,0.472,3.3,2025-12-21,True,False,4.4
70679,51094586,5589.01,07:14:25.56,56:42:00.51,108.6065,56.70014166666667,PC,3,4,3,3,4,4,4,5707.5,5.6895053,2.42e-05,10.734,0.022,10.383,0.021,10.286,0.019,0.23,0.39,2023-02-06,True,False,6.368
56182,178577607,2840.01,07:14:35.82,-06:50:07.07,108.64924999999998,-6.835297222222222,PC,3,4,4,3,3,4,4,5957.0,1.532427,1.4e-06,12.227,0.029,11.903,0.031,11.82,0.027,1.4644,2.3,2022-04-16,False,False,6.4
56176,440775339,2827.01,07:14:53.27,11:59:21.82,108.72195833333333,11.989394444444443,PC,3,4,3,3,3,4,4,5857.2,5.3393042,1.38e-05,10.614,0.02,10.318,0.019,10.242,0.015,0.0817,2.1,2022-04-15,True,False,6.3
56191,409264172,2869.01,07:18:37.71,-13:03:53.21,109.65712499999998,-13.064780555555556,PC,3,4,4,3,3,4,4,8531.0,1.7198076,3.6e-06,12.302,0.024,12.17,0.027,12.053,0.026,0.8049,2.9,2021-11-22,False,False,5.0
61009,107090327,4795.01,07:22:37.09,-26:30:23.24,110.65454166666665,-26.506455555555554,PC,3,4,4,3,3,4,4,7143.0,2.7431176,1.46e-05,12.426,0.026,12.314,0.023,12.212,0.024,1.0029,2.0,2022-11-04,False,False,3.5
61835,26693519,5114.01,07:23:08.45,25:33:31.51,110.78520833333333,25.55875277777778,PC,3,4,3,3,4,4,4,5234.4,6.1539077,1.82e-05,9.245,0.019,8.821,0.015,8.714,0.016,0.33,3.097,2023-11-27,True,False,6.7
59218,385654601,4211.01,07:23:10.18,-13:13:10.62,110.79241666666667,-13.219616666666667,PC,3,4,3,3,3,4,4,6671.3,2.2715616,8.4e-06,12.325,0.044,12.241,0.049,12.123,0.041,0.1716,1.7,2021-11-22,False,False,4.6
8213,425206121,508.01,07:26:02.29,07:36:56.79,111.50954166666666,7.615774999999999,KP,5,5,5,5,5,5,5,7346.0,4.6117328,1.9e-06,9.343,0.026,9.237001,0.022,9.196,0.023,0.6466,3.0,2019-12-12,False,False,7.3
61139,5592720,4986.01,07:26:05.17,-06:04:56.88,111.52154166666666,-6.082466666666666,PC,3,4,4,3,3,4,4,6345.0,6.5946181,4.18e-05,12.326,0.023,12.063,0.025,11.987,0.027,0.3365,3.5,2022-04-16,False,False,4.6
8849,107782586,1009.01,07:26:40.28,-24:27:43.6,111.66783333333332,-24.46211111111111,PC,3,4,3,3,3,4,4,8868.7,1.9600276739088,2.5492343e-06,8.552,0.024,8.578,0.051,8.64,0.021,0.2602,3.0,2019-10-16,True,False,7.6
56192,14709225,2870.01,07:27:11.41,14:57:28.34,111.79754166666666,14.957872222222221,PC,3,4,3,3,3,4,4,5409.0,5.7655904,1.05e-05,11.711,0.026,11.357,0.027,11.274,0.027,0.8489,1.6,2023-01-03,True,False,3.5
55750,456844391,2601.01,07:33:37.83,-21:28:05.35,113.40762499999998,-21.468152777777775,PC,3,4,3,3,3,4,4,7668.0,6.0210332,0.0008054,10.604,0.027,10.534,0.029,10.503,0.024,0.3648,2.2,2022-04-15,True,False,6.8
59220,334252687,4221.01,07:47:13.59,-14:33:29.48,116.80662499999998,-14.558188888888889,PC,3,4,4,3,3,4,4,5858.0,2.8395663,9.3e-06,12.215,0.021,11.937,0.024,11.86,0.026,0.2985,1.8,2021-11-22,False,False,4.7
59221,127328218,4226.01,07:47:51.46,-25:34:04.57,116.96441666666665,-25.56793611111111,PC,3,4,3,3,3,4,4,7998.0,2.9628955,9.6e-06,11.296,0.024,11.227,0.022,11.207,0.023,0.127,0.52,2023-01-08,True,False,6.15
59284,128127712,4230.01,07:50:41.55,-26:31:33.53,117.67312499999998,-26.525980555555556,PC,3,4,3,3,3,4,4,5436.9,1.9401022334351,0.0005385796,11.906,0.033,11.643,0.03,11.537,0.032,0.1927,0.9,2021-11-22,True,False,5.77
70678,29069242,5587.01,07:50:55.89,46:18:23.64,117.73287499999998,46.30656666666666,PC,3,4,3,3,3,4,4,5632.0,3.7349773,2.07e-05,12.584,0.021,12.222,0.02,12.128,0.022,0.995,2.3,2023-09-22,False,False,2.5
8211,17746821,492.01,07:52:15.23,12:08:21.65,118.06345833333333,12.139347222222222,KP,5,5,5,5,5,5,5,6280.0,3.12201660495,1.0144289e-06,10.816,0.021,10.545,0.02,10.5,0.018,0.665,3.89,2020-12-05,False,False,5.92
73214,293743169,6097.01,07:57:59.22,-21:00:48.11,119.49674999999999,-21.01336388888889,PC,3,4,3,3,3,4,4,7433.0,1.1256838,1.3e-06,10.089,0.026,9.986,0.027,9.975,0.026,0.358,2.02,2025-12-09,True,False,6.3
75843,452837676,7589.01,08:00:13.08,01:31:57.77,120.05449999999998,1.532713888888889,PC,3,4,4,3,3,4,4,6488.0,1.4866436224553,3.2513340509035e-07,11.038,0.024,10.651,0.025,10.555,0.024,0.76,1.63,2026-05-08,True,False,4.6
61006,176242778,4781.01,08:07:07.71,-18:43:36.35,121.782125,-18.726763888888886,PC,3,4,4,3,3,4,4,6071.0,1.9055614,3.4e-06,10.828,0.032,10.627,0.032,10.501,0.026,1.2882,0.5,2022-04-15,True,False,6.1
8210,455096220,489.01,08:13:00.17,04:47:13.3,123.25070833333331,4.787027777777777,KP,5,5,5,5,5,5,5,6096.0,3.6466612053081,4.0383798e-06,11.358,0.024,11.072,0.023,11.03,0.021,0.9428,4.7,2020-02-10,False,False,5.7
56231,437144507,3418.01,08:13:05.89,-23:03:12.14,123.27454166666665,-23.053372222222222,PC,3,4,3,3,3,4,4,5308.5,7.3039868859033,0.0015306633,11.054,0.028,10.63,0.023,10.537,0.021,0.459,1.8,2022-04-15,True,False,6.2
69156,186815660,5485.01,08:17:58.22,15:59:16.5,124.49258333333331,15.987916666666665,PC,3,4,3,3,2,4,4,6119.0,2.5840753,4.04e-05,12.185,0.022,11.91,0.023,11.853,0.02,1.181,3.59,2023-04-26,True,True,7.365
75924,458615187,7674.01,08:18:57.59,06:42:58.24,124.73995833333332,6.716177777777778,PC,3,4,3,3,3,4,4,6905.19,3.8831272171046,1.821237566e-05,11.829,0.021,11.664,0.023,11.63,0.028,0.27,1.11,2026-05-08,True,False,
56166,271035369,2823.01,08:20:43.16,-25:41:29.28,125.17983333333332,-25.691466666666667,PC,3,4,4,3,3,4,4,8083.5,4.7962078,6.2e-06,11.78,0.022,11.704,0.022,11.656,0.019,0.3858,0.7,2022-04-15,True,False,5.5
60862,196286578,4776.01,08:22:13.07,-25:04:03.13,125.55445833333332,-25.06753611111111,PC,3,4,4,3,4,4,4,6079.0,10.4137997,4.65e-05,11.042,0.03,10.779,0.036,10.679,0.026,1.201,3.29,2022-01-16,True,False,3.4
56245,271486001,3428.01,08:22:37.18,-29:11:16.76,125.65491666666667,-29.18798888888889,PC,3,4,3,3,3,4,4,,5.3945125,0.000123,11.292,0.024,10.954,0.025,10.83,0.021,0.6544,1.1,2022-04-16,False,False,6.1
62225,14570132,5137.01,08:24:05.64,22:46:59.52,126.0235,22.7832,PC,3,4,4,3,4,4,4,5060.5,3.2092033,1e-06,11.456,0.022,10.99,0.024,10.88,0.019,0.251,0.721,2022-03-19,True,True,6.83
73220,265010875,6104.01,08:26:20.49,05:15:30.24,126.585375,5.2584,PC,3,4,3,3,4,4,4,6316.0,6.4095554711552,0.0011079443,9.929,0.026,9.678001,0.026,9.601,0.019,1.092,5.3,2024-03-28,True,False,7.333
61035,231559817,4836.01,08:30:45.71,-27:24:29.66,127.69045833333331,-27.40823888888889,PC,3,4,3,3,3,4,4,8086.0,5.1035091380971,0.00067420374,10.668,0.021,10.596,0.023,10.525,0.021,0.208,0.38,2024-03-13,True,False,6.15
69236,178266267,5539.01,08:32:17.56,22:00:20.85,128.07316666666665,22.005791666666667,PC,1,4,1,1,4,4,4,5595.7,7.1123703,1.63e-05,9.343,0.022,8.998,0.022,8.873,0.023,0.148,3.47,2022-02-10,True,False,7.12
70622,195187769,5550.01,08:35:42.43,20:22:24.56,128.92679166666665,20.37348888888889,PC,2,4,2,2,4,4,4,5923.8,13.955959,5.32e-05,9.063,0.024,8.770001,0.034,8.695,0.02,0.669,3.258,2023-11-27,True,False,6.546
56230,118603213,3384.01,08:40:53.63,-19:51:04.44,130.2234583333333,-19.851233333333333,PC,3,4,3,3,3,4,4,7257.0,1.8592079,6.3e-06,11.759,0.024,11.665,0.027,11.58,0.025,0.9759,2.6,2021-11-20,False,False,6.0
8237,1003831,564.01,08:41:10.84,-16:02:10.78,130.29516666666663,-16.036327777777778,CP,4,5,5,4,4,4,4,5752.0,1.6511455803498,2.262905e-06,10.044,0.027,9.71,0.026,9.604,0.022,0.637,4.95,2020-02-18,True,False,7.007
56005,1018843,2673.01,08:43:43.72,-26:58:50.97,130.93216666666666,-26.980825,PC,1,5,5,1,4,4,4,5601.4,1.9126596,4.5e-06,8.189,0.026,7.861,0.038,7.728,0.021,1.057,4.18,2023-03-05,True,True,7.5
68872,467153319,5377.01,08:44:32.41,59:24:24.15,131.13504166666664,59.406708333333334,PC,2,4,2,2,4,4,4,6803.0,4.4626933,0.0001249,8.928001,0.032,8.747,0.057,8.743,0.022,0.203,1.5,2022-03-21,True,False,7.9
70676,117892246,5565.01,08:44:54.48,45:27:58.29,131.22699999999998,45.46619166666667,PC,3,4,4,3,3,4,4,5542.4,3.2601896,0.0004792,12.32,0.023,11.954,0.024,11.894,0.023,0.506,3.9,2023-09-23,False,False,4.8
61028,1260235,4830.01,08:45:37.82,-26:30:10.99,131.40758333333332,-26.50305277777778,PC,3,4,3,3,3,4,4,4875.8,7.6945481,6.78e-05,11.243,0.023,10.695,0.024,10.62,0.023,0.6941,3.6,2022-04-16,False,False,5.7
61029,176442805,4833.01,08:47:35.49,-21:51:33.61,131.897875,-21.859336111111112,PC,3,4,3,3,3,4,4,7194.0,3.6520005,1.12e-05,11.779,0.026,11.692,0.027,11.59,0.021,0.4209,3.7,2022-04-16,True,False,5.1
16535,302518439,1169.01,08:56:28.81,72:31:59.79,134.12004166666665,72.533275,PC,3,4,3,4,4,4,3,6134.3,6.7075429,3.4e-06,9.611,0.022,9.327,0.03,9.316,0.024,1.05,2.8,2021-02-02,True,False,6.4
61010,348756659,4823.01,08:56:46.15,-12:34:21.57,134.19229166666665,-12.572658333333333,PC,3,4,4,3,3,4,4,5736.0,3.7260939116487,0.00017559367,11.578,0.033,11.255,0.027,11.17,0.021,1.0248,1.8,2022-04-16,True,False,6.43
40538,293617835,1719.01,09:01:11.39,55:51:35.78,135.2974583333333,55.85993888888889,PC,3,4,4,3,4,4,4,6096.4,2.7552586,4.7e-06,7.229,0.019,6.961,0.038,6.913,0.017,0.116,1.78,2020-12-04,True,True,8.0
56246,270471065,3433.01,09:01:49.43,00:58:10.61,135.45595833333334,0.9696138888888889,PC,3,4,4,3,4,4,4,4348.2,2.7765784,9.4e-06,11.69,0.027,11.165,0.026,10.986,0.024,0.7966,2.7,2022-04-16,True,False,5.1
54695,270604417,2543.01,09:06:23.26,03:34:03.61,136.59691666666666,3.5676694444444443,CP,3,5,5,3,4,4,4,6349.8,7.5427508863843,2.0640791e-05,10.28,0.024,10.052,0.023,10.01,0.023,0.0969,1.7,2022-04-16,True,False,6.6
61131,38118291,4839.01,09:08:04.54,-28:54:57.79,137.01891666666663,-28.916052777777775,PC,3,4,3,3,3,4,4,4866.9,13.3441946,0.0002406,11.287,0.027,10.786,0.026,10.661,0.024,0.2817,0.8,2022-04-16,False,False,5.5
57814,801354155,3829.01,09:09:41.1,31:17:32.72,137.42125,31.292422222222225,PC,3,4,3,3,4,4,4,5385.0,2.9150294,4.7e-06,,,,,,,1.476,1.028,2023-11-27,False,False,6.31
54497,286000547,2332.01,09:18:57.97,-15:18:29.09,139.74154166666668,-15.308080555555556,PC,3,4,4,3,4,4,4,5596.2,7.4972297,1.23e-05,11.505,0.022,11.195,0.022,11.123,0.019,0.912,4.89,2021-02-23,True,True,6.04
73480,189097100,6474.01,09:21:41.32,-29:06:29.08,140.42216666666664,-29.10807777777778,PC,3,4,3,3,3,4,4,8753.0,1.6069363,0.0004247,11.88,0.027,11.846,0.027,11.816,0.025,0.125,2.98,2026-04-30,False,False,6.67
8222,405454160,563.01,09:32:58.36,-17:20:36.51,143.24316666666667,-17.343474999999998,PC,1,4,1,3,4,4,4,5383.0,731.9380939054,0.00020327617,9.796,0.032,9.414,0.026,9.344,0.021,0.3841,0.8,2019-05-19,True,False,6.6
61905,406495245,5128.01,09:33:16.23,09:10:06.32,143.317625,9.168422222222222,PC,3,4,3,3,4,4,4,7642.0,7.6014943,1.19e-05,7.919,0.03,7.825,0.049,7.765,0.021,1.4752,2.3,2022-04-16,True,True,7.9
61132,453060368,4841.01,09:43:35.34,00:36:54.1,145.89724999999999,0.6150277777777777,PC,3,4,3,3,3,4,4,5388.3,9.6284672,2.66e-05,11.936,0.022,11.583,0.027,11.458,0.025,0.1126,2.4,2022-04-16,False,False,5.1
56346,455272393,3438.01,09:45:19.62,03:05:40.13,146.33174999999997,3.0944805555555557,PC,3,4,3,3,3,4,4,5993.3,1.6660179,4.6e-06,11.373,0.024,11.127,0.025,11.045,0.023,0.9539,4.8,2022-04-16,True,False,6.13
8254,22221375,652.01,09:56:29.64,-24:05:57.07,149.12349999999998,-24.09918611111111,CP,1,5,5,1,4,4,4,5903.0,3.9846589,6.2e-06,6.839,0.019,6.577,0.034,6.463,0.023,0.023,2.21,2020-03-15,True,False,7.8
57794,841226526,3828.01,10:03:34.2,67:59:24.13,150.89249999999998,67.99003611111111,PC,3,4,3,3,3,4,4,,19.5105608,0.0001253,,,,,,,1.453,0.9,2022-03-21,True,False,6.0
48544,29191596,1792.01,10:06:52.81,45:52:59.98,151.72004166666665,45.88332777777778,PC,3,4,3,4,4,4,4,5502.5,8.8164887,0.0002842,7.963,0.023,7.644,0.016,7.521,0.015,1.456,2.782,2020-12-29,True,False,7.185
57826,308073360,3837.01,10:10:39.91,24:16:23.24,152.66629166666664,24.27312222222222,CP,3,5,5,3,4,4,4,5773.9,11.8886495,2.73e-05,10.715,0.023,10.401,0.02,10.316,0.017,0.359,3.516,2022-01-16,True,False,6.5
61136,168158622,4871.01,10:12:42.79,-29:10:07.76,153.17829166666664,-29.168822222222225,PC,3,4,4,3,3,4,4,6176.0,1.7687528,7.7e-06,12.15,0.026,11.915,0.027,11.829,0.021,0.6567,3.2,2022-04-17,False,False,5.1
61140,293607057,4987.01,10:14:40.72,-15:38:34.21,153.66966666666661,-15.64283611111111,CP,3,5,5,3,4,4,4,6736.9,4.2889696,6.7e-06,10.143,0.026,9.975,0.026,9.932,0.026,0.9221,2.3,2022-04-17,True,False,6.8
61134,71221700,4869.01,10:16:11.67,-29:58:34.86,154.048625,-29.97635,PC,3,4,3,3,3,4,4,5962.0,3.0978928,1.72e-05,11.678,0.024,11.402,0.023,11.375,0.023,0.4749,0.1,2022-04-16,True,False,5.4
69164,70678449,5516.01,10:23:21.17,13:28:20.18,155.83820833333328,13.472272222222223,PC,3,4,3,3,4,4,4,6077.0,4.3776584,0.0013685,11.646,0.021,11.37,0.023,11.278,0.018,0.259,2.41,2024-04-21,True,False,7.229
56213,423393242,2975.01,10:29:04.87,-20:55:45.37,157.27029166666662,-20.929269444444447,PC,3,4,3,3,3,4,4,5333.5,0.426988,3e-07,12.325,0.022,11.981,0.023,11.865,0.021,0.272,6.14,2025-05-12,False,False,5.61
61765,179230828,5000.02,10:34:24,-23:44:02.62,158.59999999999997,-23.734061111111114,PC,3,4,4,3,3,4,4,5483.0,15.3392841,7.22e-05,11.976,0.023,11.647,0.022,11.556,0.023,0.2,2.24,2024-03-14,False,False,6.14
61716,179230828,5000.01,10:34:24,-23:44:02.62,158.59999999999997,-23.734061111111114,PC,3,4,3,3,3,4,4,5483.0,5.5422295,1.37e-05,11.976,0.023,11.647,0.022,11.556,0.023,0.2,2.24,2024-03-14,False,False,6.14
71841,53481079,5717.01,10:50:18.16,50:47:47.46,162.57566666666665,50.79651666666666,PC,2,4,2,2,4,4,4,5479.3,13.478722016271,5.149804e-05,10.18,0.023,9.87,0.026,9.768,0.02,0.087,2.5,2025-02-11,True,False,6.687
16624,372757221,1187.01,10:51:34.36,81:19:19.83,162.89316666666664,81.322175,PC,3,4,3,3,4,4,4,6389.0,2.5941968,3.6e-06,9.373,0.022,9.168,0.031,9.084,0.024,0.162,3.47,2022-04-20,True,False,6.9
62319,281837575,5143.01,11:01:27.63,05:08:22.13,165.365125,5.139480555555556,PC,3,4,4,3,3,4,4,5296.38,5.2097099577613,4.0385003e-06,10.474,0.026,10.101,0.024,9.98,0.019,0.6406,3.5,2022-04-17,True,False,6.63
65047,281837575,5143.02,11:01:27.63,05:08:22.13,165.365125,5.139480555555556,PC,1,4,3,1,3,4,4,5296.38,2.3843304351959,1.5233709e-05,10.474,0.026,10.101,0.024,9.98,0.019,0.6406,3.5,2022-04-17,True,False,6.63
56215,211446495,2982.01,11:03:12.54,-09:57:48.49,165.80225,-9.963469444444444,PC,3,4,4,3,3,4,4,5268.0,4.8701613,1.8e-05,12.648,0.026,12.201,0.029,12.109,0.024,1.126,3.38,2024-03-12,True,False,6.02
62315,38087018,5138.01,11:18:31.86,-01:46:26.61,169.63275,-1.7740583333333333,KP,5,5,5,5,5,5,5,4377.0,1.7292681242363,5.2524747e-06,13.536,0.026,12.92,0.024,12.756,0.033,0.581,3.8,2019-06-09,True,False,5.09
56195,453452264,2971.01,11:18:35.56,-11:58:37.55,169.64816666666667,-11.977097222222222,PC,3,4,3,3,3,4,4,5875.0,4.8405428,2.91e-05,12.441,0.023,12.097,0.024,12.038,0.027,0.194,3.59,2024-03-12,True,False,5.91
71851,17932757,5718.01,11:21:05.73,41:34:35.14,170.27387499999998,41.57642777777778,PC,2,4,4,2,4,4,4,3922.0,716.84268937931,0.0057526752,9.616,0.021,8.987001,0.024,8.776,0.018,0.8,4.542,2024-01-26,True,False,7.7
8506,219189765,737.01,11:24:03.55,-19:33:25.05,171.01479166666664,-19.556958333333334,CP,3,5,5,3,4,4,4,3394.0,1.7318529396486,1.841744e-06,13.25,0.023,12.602,0.029,12.361,0.031,0.845,2.6418,2019-06-10,False,True,6.935
8470,219187649,676.01,11:24:49.43,-18:37:02.2,171.2059583333333,-18.61727777777778,PC,3,5,5,3,4,4,4,5430.0,2.15030072322,4.486041e-06,12.629,0.03,12.319,0.035,12.133,0.03,1.5,1.2022,2019-06-10,False,True,7.367
67775,380619414,5144.01,11:43:37.93,06:33:49.62,175.90804166666666,6.563783333333333,KP,5,5,5,5,5,5,5,5817.3,2.655675250962,1.099895e-05,9.275,0.033,8.925,0.036,8.733,0.026,1.475,1.6,2025-02-19,False,False,6.34
69188,396932137,5521.01,11:45:55.55,11:22:14.99,176.4814583333333,11.370830555555557,PC,3,4,3,3,4,4,4,6379.0,18.5146638,4.69e-05,8.481,0.041,8.231,0.038,8.162,0.023,0.417,3.692,2024-02-17,True,False,7.6
8524,413376180,781.01,11:46:57.32,-22:33:46.84,176.73883333333333,-22.563011111111113,KP,5,5,5,5,5,5,5,5227.0,1.3541341741811,6.3315395e-07,11.906,0.024,11.475,0.023,11.386,0.023,1.2562,4.4,2020-02-12,False,False,5.4
56219,347715478,3089.01,12:11:24.11,-11:59:51.25,182.8504583333333,-11.997569444444444,PC,3,4,4,3,3,4,4,5229.0,9.3096136,2.49e-05,11.634,0.022,11.265,0.025,11.101,0.021,0.5913,2.3,2021-07-15,True,False,4.7
68543,154814765,5235.01,12:12:22.36,84:24:40.37,183.09316666666663,84.4112138888889,PC,3,4,3,3,4,4,4,5721.0,26.1442304,0.0002067,10.171,0.021,9.85,0.023,9.751,0.018,0.755,4.3,2022-03-21,True,False,7.241
57862,376688393,3865.01,12:29:44.24,39:45:38.88,187.4343333333333,39.7608,PC,3,4,4,3,3,4,4,5542.1,3.011593,1.03e-05,11.892,0.023,11.618,0.032,11.525,0.024,0.177,0.4,2025-03-08,True,False,5.6
49440,393831507,1820.01,12:30:44.81,27:27:07.21,187.6867083333333,27.45200277777778,CP,3,5,5,3,4,4,4,5778.2,4.860673,6.4e-06,9.915,0.024,9.587,0.027,9.508,0.022,0.4659,3.8,2022-06-12,True,False,6.9
57960,366755319,3900.01,12:34:06.73,04:11:16.17,188.52804166666664,4.187825,PC,3,4,3,3,3,4,4,5659.0,14.7802661,0.0030347,11.366,0.024,11.048,0.025,10.974,0.025,0.0618,0.0,2022-03-21,True,False,5.5
71065,422217860,5662.01,12:44:20.44,05:41:18.59,191.08516666666665,5.688497222222223,PC,1,4,4,1,4,4,4,3687.0,2.3144207,1.77e-05,10.558,0.027,9.909,0.028,9.687,0.024,0.859,3.2,2023-03-04,True,False,7.093
9369,154872375,1135.01,12:53:35.13,85:07:46.18,193.39637499999998,85.12949444444443,CP,4,4,4,4,4,4,4,5962.7,8.0277326,1.3e-06,8.458,0.026,8.265,0.024,8.192,0.019,0.95,5.4,2023-12-30,True,False,7.5
70913,159160230,5599.01,13:17:18.3,55:40:53.54,199.32625,55.68153888888889,PC,3,4,3,3,4,4,4,6246.0,5.4368408,4.71e-05,10.74,0.02,10.5,0.023,10.437,0.018,0.53,4.1,2023-01-04,True,False,6.649
71167,357347296,5668.01,13:24:21.12,28:34:03.75,201.08799999999997,28.567708333333332,PC,3,4,3,3,4,4,4,5686.0,4.1753448,7.45e-05,10.246,0.024,9.892,0.028,9.784,0.021,0.405,1.275,2023-06-07,True,False,4.555
59210,297148017,4179.01,13:29:39.88,-16:33:18.46,202.41616666666664,-16.555127777777777,PC,3,4,3,3,3,4,4,4813.4,2.5485772,2.38e-05,9.426,0.027,8.86,0.057,8.751,0.024,0.1481,1.3,2021-07-15,True,False,6.7
48800,286916251,1794.01,13:33:35.4,49:03:39.03,203.39749999999998,49.06084166666666,CP,2,5,5,2,4,4,4,5707.0,8.7655468487388,3.388662e-05,9.094,0.026,8.765,0.028,8.692,0.02,0.645,3.823,2020-11-30,True,False,6.67
68992,166053959,5383.01,14:10:53.01,62:31:19.91,212.72087499999998,62.52219722222222,PC,1,5,5,1,4,4,4,6768.0,2.8114961,3.18e-05,7.483,0.027,7.351,0.02,7.306,0.02,0.839,6.59,2022-04-17,True,False,8.1
57864,154181821,3897.01,14:15:13.57,67:45:39.3,213.80654166666665,67.76091666666666,PC,3,4,3,3,4,4,4,5911.7,7.6607094,4.44e-05,11.093,0.02,10.835,0.015,10.781,0.019,1.412,1.6,2023-04-27,True,False,7.229
16540,158002130,1180.01,14:18:13.39,82:11:37.55,214.55579166666664,82.1937638888889,CP,1,5,5,1,4,4,4,4738.1,9.6867516,1.03e-05,9.237001,0.021,8.716,0.017,8.594,0.015,0.033,0.48,2024-05-22,True,True,7.2
59112,335655755,4132.01,14:27:03.75,78:45:45.84,216.76562499999997,78.76273333333333,PC,3,4,4,3,3,4,4,5801.0,11.764792565356,5.0148403e-05,11.227,0.023,10.917,0.028,10.906,0.023,1.416,3.9,2022-04-20,True,False,5.5
57996,68074302,3916.01,14:42:54.4,41:22:06.5,220.72666666666663,41.36847222222222,PC,3,4,4,3,4,4,4,6005.0,3.4014954,1.11e-05,12.371,0.023,12.053,0.022,11.969,0.019,0.129,4.78,2024-03-27,True,False,6.651
71061,311116297,5660.01,14:44:59.7,18:30:33.08,221.24874999999997,18.50918888888889,PC,3,4,3,3,2,4,4,5192.0,4.8183501,0.0008466,12.598,0.026,12.115,0.032,11.996,0.023,1.444,4.197,2024-04-21,False,False,7.164
56222,440872576,3160.01,14:58:15.81,-27:40:57.18,224.56587499999998,-27.682550000000003,PC,3,4,4,3,3,4,4,6200.0,3.9712794,6.4e-06,11.287,0.024,11.004,0.026,10.894,0.019,0.3308,3.3,2022-04-17,True,False,5.6
51551,262880065,2256.01,15:01:15.76,40:56:48.58,225.31566666666666,40.94682777777778,PC,2,4,2,2,4,4,4,5270.9,13.963192913512,0.0028891289,9.64,0.023,9.223,0.029,9.125,0.022,0.225,0.252,2020-12-01,True,False,6.28
69040,202425357,5386.01,15:04:25.66,60:32:10.44,226.10691666666662,60.53623333333333,PC,3,4,4,3,4,4,4,5920.2,3.6215615,1.9e-06,10.768,0.02,10.459,0.019,10.414,0.016,0.316,6.42,2022-04-20,True,False,6.637
50321,229888286,2057.01,15:04:27.96,28:12:56.57,226.11649999999997,28.21571388888889,PC,3,4,3,3,4,4,4,6081.3,5.5986336707772,1.7701805e-05,10.104,0.021,9.884,0.019,9.827,0.015,0.605,1.535,2023-06-06,True,False,6.8
71491,137843225,5706.01,15:06:56.46,57:29:44.49,226.73524999999998,57.495691666666666,PC,1,4,3,1,4,4,4,4717.0,0.35765551311551,4.80418e-05,9.807,0.02,9.235,0.021,9.081,0.016,0.428,3.741,2024-02-17,True,False,6.778
57999,1101855081,3922.01,15:15:19.99,40:16:01.91,228.83329166666664,40.26719722222222,PC,3,4,3,3,4,4,4,5247.0,3.8960617,2.6e-06,,,,,,,1.462,0.99,2024-05-24,True,False,6.769
58112,233654042,3973.01,15:18:43.18,44:27:22.33,229.67991666666666,44.45620277777778,PC,3,5,5,3,3,4,4,6213.0,2.0615575,9.1e-06,12.397,0.022,12.136,0.024,12.07,0.022,0.548,1.4,2024-02-24,True,False,4.4
56220,48661942,3139.01,15:18:57.78,-28:24:37.77,229.74075,-28.410491666666665,PC,3,4,4,3,3,4,4,5449.0,3.9628496,1.5e-05,11.193,0.03,10.922,0.024,10.863,0.025,0.2441,1.1,2022-04-17,True,False,5.3
34427,202504234,1293.01,15:21:14.42,63:33:55.03,230.3100833333333,63.56528611111111,PC,2,4,4,2,4,4,4,5923.0,1.6849938,2.7e-06,10.282,0.02,10.004,0.017,9.929,0.022,0.869,4.233,2021-03-03,True,False,7.385
52346,310231275,2265.01,15:59:09.06,32:23:45.5,239.78774999999996,32.39597222222222,PC,2,5,5,2,4,4,4,5951.67,0.82940843961693,3.737588e-05,8.422,0.032,8.065,0.034,8.015,0.024,0.585,1.602,2021-03-03,True,False,7.4
58884,298264260,4045.01,16:05:27.48,55:11:09.62,241.36449999999996,55.18600555555555,PC,3,4,4,3,1,4,4,5530.9,7.9927894,2.23e-05,12.517,0.024,12.144,0.027,12.136,0.023,0.323,0.67,2022-04-26,True,False,
71227,162577468,5669.01,16:15:44.38,48:19:23.74,243.93491666666662,48.323261111111115,PC,3,4,3,3,4,4,4,5900.0,3.676651,1.03e-05,11.544,0.025,11.254,0.019,11.179,0.017,0.038,0.91,2025-04-13,True,False,7.184
71461,17652022,5691.01,16:19:23.24,32:09:58.03,244.84683333333328,32.16611944444444,PC,3,4,4,3,4,4,4,5657.3,3.3894889,1.84e-05,11.955,0.023,11.65,0.023,11.576,0.02,0.334,0.832,2023-06-06,False,False,6.505
74981,198185513,6907.01,16:22:13.12,63:43:03.29,245.55466666666663,63.71758055555556,PC,3,4,3,3,4,4,4,5203.0,3.3795099282269,0.00054577884,12.996,0.023,12.58,0.026,12.446,0.025,0.883,2.7,2024-11-10,False,False,5.359
34403,198186769,1291.01,16:23:16.32,62:55:30.44,245.81799999999998,62.92512222222222,PC,3,4,3,3,4,4,4,6229.0,7.16199,3.16e-05,10.345,0.021,10.114,0.019,10.083,0.019,0.474,5.61,2020-06-08,True,True,7.164
50000,207468071,1836.01,16:23:37.9,54:41:24.28,245.90791666666664,54.69007777777777,CP,3,5,5,3,4,4,4,6351.0,20.380782374176,1.7766984e-05,8.799,0.021,8.586,0.021,8.531,0.018,0.819,5.722,2021-06-22,True,False,7.788
58209,345645749,4041.01,16:27:25.31,21:37:00.45,246.8554583333333,21.616791666666668,PC,3,4,4,3,4,4,4,5914.8,7.8808589,1.93e-05,10.311,0.022,10.058,0.024,9.99,0.02,0.529,2.438,2023-06-07,True,False,7.01
71437,255928426,5686.01,16:29:50.62,37:41:40.42,247.46091666666666,37.694561111111106,PC,3,4,4,3,4,4,4,5407.5,4.2366102,4e-06,11.357,0.021,11.056,0.017,10.989,0.022,0.556,4.606,2023-06-06,True,False,6.786
8865,198213332,1131.01,16:33:44.05,61:43:06,248.43354166666666,61.718333333333334,PC,3,4,3,4,4,4,4,5579.0,0.58603656922139,4.919567e-06,8.631,0.024,8.23,0.017,8.17,0.019,0.121,1.3345,2021-06-22,True,True,7.208
71165,274223601,5665.01,16:40:00.11,53:47:28.91,250.0004583333333,53.79136388888889,PC,3,4,3,3,3,4,4,6064.0,2.2465076,9.3e-06,12.724,0.02,12.462,0.019,12.47,0.021,0.83,4.37,2024-05-27,False,False,5.88
8858,16288184,1049.01,16:55:04.52,-28:42:38.1,253.76883333333333,-28.710583333333332,KP,5,5,5,5,5,5,5,6599.0,2.1805332714449,1.6089817e-06,10.508,0.023,10.268,0.022,10.217,0.023,1.2782,5.6,2019-08-12,False,False,6.4
58181,1271152446,4022.01,17:00:30.93,59:37:32.38,255.128875,59.625661111111114,PC,3,5,5,3,3,4,4,,7.2089041,2.35e-05,,,,,,,0.992,1.08,2024-08-13,True,False,5.34
58881,332393279,4042.01,17:01:27.38,28:59:18.69,255.3640833333333,28.988525,PC,3,4,4,3,4,4,4,5983.9,2.3238426,0.0005122,12.56,0.024,12.241,0.028,12.211,0.025,0.279,3.796,2024-04-21,False,False,6.527
60675,307958020,4633.01,17:07:22.34,62:28:31.97,256.8430833333333,62.475547222222225,CP,1,5,5,1,4,4,4,5490.04,271.938638971,0.006732476,7.723,0.03,7.448,0.044,7.349,0.024,0.051,0.41,2022-05-09,True,True,7.367
72007,313609787,5772.01,17:24:41.4,26:03:01.64,261.17249999999996,26.050455555555555,PC,3,4,3,3,4,4,4,5568.0,3.5023306,1.54e-05,12.736,0.027,12.427,0.033,12.324,0.023,0.948,4.05,2024-03-21,False,False,5.196
50214,219762508,1878.01,17:30:25.27,63:07:22.85,262.60529166666663,63.12301388888889,PC,3,4,4,3,4,4,4,5976.0,3.2351012718965,4.334352e-06,12.365,0.025,12.032,0.023,11.976,0.021,0.311,2.151,2023-07-02,True,False,5.553
59194,441797394,4158.01,17:37:12.23,72:05:11.32,264.3009583333333,72.08647777777777,PC,3,4,3,3,4,4,4,,13.4167713,6.43e-05,11.67,0.023,11.305,0.023,11.24,0.019,0.316,0.054,2021-08-28,True,True,6.888
58893,298752252,4089.01,17:51:24.29,22:39:40.8,267.8512083333333,22.66133333333333,PC,3,4,4,3,4,4,4,5895.5,3.2462849,7.2e-06,10.788,0.024,10.528,0.035,10.4,0.023,1.158,0.916,2023-06-30,True,False,7.136
75081,62676654,7054.01,17:56:22.83,-02:24:15.23,269.095125,-2.4042305555555554,PC,3,4,4,3,3,4,4,4708.0,14.759560141625,0.00202465,10.958,0.024,10.537,0.023,10.468,0.024,0.628,2.79,2025-09-14,True,False,5.54
71871,159851831,5741.01,17:56:49.81,39:13:24.2,269.20754166666666,39.22338888888889,PC,1,4,1,1,4,4,4,4579.0,24.0004143,0.0002399,9.438,0.022,8.928001,0.018,8.797,0.022,0.886,1.607,2023-06-08,True,False,7.001
75594,159893748,7201.01,17:58:09.03,38:28:33.12,269.537625,38.47586666666667,PC,3,4,3,3,3,4,4,5753.1,7.2229767,9.7e-06,12.197,0.022,11.878,0.024,11.826,0.021,0.885,1.6,2025-03-13,False,False,3.5
54472,229608594,2298.01,18:18:02.89,74:27:59.53,274.5120416666667,74.46653611111111,PC,3,5,5,3,3,4,4,4239.0,,,10.121,0.02,9.477,0.017,9.342,0.02,0.076,1.82,2022-09-18,True,False,4.7
71935,23179035,5770.01,18:18:37.12,30:55:25.93,274.6546666666666,30.923869444444446,PC,3,4,4,3,4,4,4,5986.6,1.4529225,4.5e-06,12.318,0.02,12.028,0.022,11.933,0.025,0.382,2.152,2023-06-06,True,False,6.62
59380,76420654,4462.01,18:18:40.79,36:15:17.48,274.66995833333334,36.25485555555556,CP,3,5,5,3,4,4,4,5918.0,4.9133022,2.14e-05,9.882,0.02,9.585,0.02,9.513,0.017,0.4,3.5,2024-02-24,True,False,7.184
75593,317849098,7188.01,18:20:02.33,11:12:37.84,275.0097083333333,11.21051111111111,PC,3,4,4,3,3,4,4,,4.773664,0.0009367,11.399,0.026,11.16,0.026,11.069,0.021,0.575,0.4,2025-07-29,True,False,4.8
59374,23982469,4441.01,18:24:29.65,32:03:55.41,276.1235416666666,32.06539166666666,PC,3,4,4,3,4,4,4,7305.0,4.3745756875436,7.5045978e-06,10.658,0.021,10.514,0.018,10.477,0.019,0.746,5.4,2023-12-02,True,False,7.106
72215,24113219,5843.01,18:26:27.77,30:23:37.02,276.6157083333333,30.393616666666667,PC,3,4,3,3,2,4,4,5581.0,4.197866,4.14e-05,12.588,0.022,12.197,0.022,12.12,0.021,0.28,2.236,2023-08-29,False,False,7.197
55331,21279791,2582.01,18:29:10.03,48:03:35.78,277.29179166666665,48.05993888888889,PC,3,4,3,3,2,4,4,5238.0,3.0183134,3.7e-06,11.711,0.025,11.304,0.018,11.233,0.016,0.155,0.156,2021-06-01,False,True,6.678
67858,462808933,5185.01,18:30:21.52,16:54:30.7,277.58966666666663,16.908527777777778,PC,3,4,4,3,3,4,4,6353.0,4.2788309,2.95e-05,11.608,0.022,11.323,0.028,11.221,0.019,0.575,4.4,2023-09-30,False,False,6.1
75636,233735354,7296.01,18:30:50.12,60:27:04.38,277.7088333333333,60.45121666666667,PC,3,4,3,3,3,4,4,5621.0,170.3363911,0.0004582,12.16,0.022,11.835,0.023,11.752,0.021,0.121,2.94,2025-08-06,False,False,6.41
38962,288631580,1659.01,18:31:42.05,82:18:21.42,277.92520833333333,82.30595,CP,2,5,5,2,4,4,4,5977.0,5.8775547796858,1.2762102e-05,9.034,0.02,8.757,0.017,8.702,0.02,0.03,1.08,2020-06-06,True,False,6.74
39010,288631580,1659.02,18:31:42.05,82:18:21.42,277.92520833333333,82.30595,PC,1,4,4,1,3,4,4,5977.0,3.3985674,2.49e-05,9.034,0.02,8.757,0.017,8.702,0.02,0.03,1.08,2020-06-06,True,False,6.74
75932,399789568,7709.01,18:32:14.89,55:11:27.77,278.0620416666667,55.19104722222222,PC,2,4,2,2,3,4,4,3508.0,20.920279098943,8.311772e-05,11.156,0.021,10.545,0.024,10.339,0.021,0.094,0.75,2026-05-08,False,False,
67838,288671122,5179.01,18:41:00.4,83:03:20.69,280.2516666666666,83.05574722222222,PC,3,4,4,3,4,4,4,5702.0,0.2874782,2e-07,10.716,0.018,10.389,0.017,10.325,0.021,0.537,3.485,2023-04-26,True,True,6.688
75047,317290270,7002.01,18:41:50.84,26:56:13.28,280.46183333333335,26.93702222222222,PC,3,4,3,3,4,4,4,6677.0,4.9792822,5.42e-05,12.334,0.026,12.145,0.033,12.067,0.025,1.277,4.7,2024-07-21,False,False,7.262
59174,1813844121,4152.01,18:43:03.28,24:05:22.93,280.7636666666666,24.089702777777777,PC,3,4,4,3,4,4,4,,1.5822588,2.8e-06,,,,,,,1.3376,0.2,2022-06-11,True,True,6.549
48302,232635922,1745.01,18:44:32.71,54:56:59.64,281.13629166666664,54.9499,PC,2,4,2,2,4,4,4,3759.0,5.9848710165382,1.6876244e-05,11.518,0.021,10.922,0.019,10.756,0.018,1.003,3.673,2021-11-11,True,False,7.349
48344,232650365,1746.01,18:47:04.25,54:54:38.46,281.76770833333336,54.91068333333333,PC,1,4,1,2,4,4,4,3340.0,2.5253322692033,1.1101902e-05,10.277,0.02,9.719,0.019,9.501,0.019,0.943,0.098,2021-11-11,True,False,5.894
48424,232650365,1746.02,18:47:04.25,54:54:38.46,281.76770833333336,54.91068333333333,PC,1,4,1,1,4,4,4,3340.0,3.8776815409653,1.0184988e-05,10.277,0.02,9.719,0.019,9.501,0.019,0.943,0.098,2021-11-11,True,False,5.894
35873,233617847,1440.02,18:55:10.69,64:31:52.93,283.79454166666665,64.53136944444444,PC,2,4,2,2,4,4,4,5780.0,4.627420586057,2.6198748e-05,8.938,0.022,8.678,0.015,8.63,0.022,1.459,-100.0,2020-08-04,True,False,6.73
35869,233617847,1440.01,18:55:10.69,64:31:52.93,283.79454166666665,64.53136944444444,PC,2,4,2,2,4,4,4,5780.0,15.5174519,0.0001366,8.938,0.022,8.678,0.015,8.63,0.022,1.459,-100.0,2020-08-04,True,False,6.73
52343,229787062,2261.01,18:56:05.44,70:15:14.83,284.0226666666666,70.25411944444444,PC,3,4,3,3,3,4,4,5392.0,1.901145216384,4.418859e-06,11.699,0.02,11.311,0.023,11.248,0.02,0.777,2.0,2020-10-17,True,False,5.0
75602,350268913,7226.01,18:56:44.35,20:01:32.96,284.1847916666666,20.02582222222222,PC,3,4,3,3,3,4,4,,3.5191197,9.3e-06,12.183,0.021,11.858,0.016,11.769,0.019,0.147,0.9,2026-06-23,False,False,3.3
59200,420108587,4164.01,18:59:32.3,73:30:47.82,284.8845833333333,73.51328333333333,PC,3,4,3,5,4,5,5,5952.0,3.522843,2.3e-05,11.499,0.025,11.283,0.03,11.196,0.023,1.03,2.0,2021-09-09,True,True,7.19
72209,350882505,5841.01,19:00:59.15,22:29:56.18,285.2464583333333,22.49893888888889,PC,3,4,3,3,4,4,4,5678.0,4.2025514,4.99e-05,11.195,0.021,10.844,0.021,10.736,0.018,0.846,4.449,2023-06-30,False,False,7.132
51299,1716467085,2149.01,19:02:23.16,42:30:26.69,285.5965,42.50741388888889,PC,3,4,4,3,4,4,4,6020.0,0.5842495,3e-07,,,,,,,1.106,1.86,2022-09-14,False,False,7.533
51179,399860444,2140.01,19:07:14.05,49:18:59.12,286.80854166666666,49.31642222222222,KP,5,5,5,5,5,5,5,5854.0,2.4706114180021,5.841553e-07,10.232,0.02,9.92,0.026,9.846,0.022,1.112,4.269,,True,True,6.07
9579,158324245,1161.01,19:07:53.13,46:52:05.69,286.97137499999997,46.86824722222222,KP,5,5,5,5,5,5,5,7986.1,1.7635881,5e-07,9.466,0.022,9.455,0.019,9.425,0.014,1.144,0.19,,True,True,8.0
72188,395143000,5837.01,19:08:23.79,17:06:48.32,287.09912499999996,17.113422222222223,PC,3,4,4,3,4,4,4,7564.0,2.9665122,1.98e-05,11.577,0.022,11.333,0.021,11.226,0.02,0.878,2.59,2025-10-01,False,False,7.041
75942,158490401,7858.01,19:10:14.35,46:57:26.14,287.5597916666666,46.957261111111116,KP,5,5,5,5,5,5,5,3678.9,12.71379385905,1.9144616e-06,9.57,0.021,8.972,0.027,8.695,0.011,0.771,1.46,,True,True,6.98
38922,258829450,1654.01,19:10:39.97,66:46:05.1,287.66654166666666,66.76808333333334,PC,2,4,2,2,4,4,4,5286.9,1.8347892,3.8e-06,9.336,0.023,9.099,0.023,9.043,0.019,1.047,1.36,2023-07-20,True,False,6.23
48504,229938290,1783.01,19:10:43.44,64:09:13.18,287.681,64.15366111111112,PC,2,4,4,2,4,4,4,5406.0,1.4198658868386,0.0002172002,8.452,0.024,8.086,0.021,7.99,0.018,1.392,1.957,2021-07-19,True,True,6.616
27635,158561566,1267.01,19:10:50.12,47:19:58.98,287.70883333333336,47.33305,KP,5,5,5,5,5,5,5,6378.0,6.7900981113413,1.4470468e-05,11.202,0.022,11.068,0.02,10.988,0.011,0.287,0.1,,True,False,8.0
75820,298897095,7462.01,19:12:09.17,50:39:05.31,288.0382083333333,50.651475,PC,3,4,3,3,4,4,4,5401.6,2.6236517734527,0.00028615128,12.489,0.031,12.052,0.031,11.986,0.022,1.086,1.39,,True,False,8.0
59106,243280335,4101.01,19:14:04.39,56:37:33.61,288.51829166666664,56.62600277777778,PC,3,4,3,3,4,4,4,6287.0,4.3202706,1.42e-05,12.229,0.026,11.939,0.031,11.934,0.027,0.503,2.3,2023-09-30,False,True,6.77
59061,243297296,4100.01,19:14:18.96,59:53:44.89,288.579,59.895802777777774,PC,3,4,3,3,4,4,4,6195.0,3.585982,6e-06,11.56,0.023,11.28,0.023,11.238,0.027,0.165,1.6,2021-10-22,True,True,6.522
75639,421330229,7323.01,19:15:27.32,55:26:48.46,288.86383333333333,55.44679444444444,PC,3,4,3,3,3,4,4,5625.0,4.776694,6.5e-06,10.905,0.022,10.553,0.031,10.428,0.018,0.49,2.2,2025-03-15,True,False,5.9
75724,158933249,7456.01,19:15:53.19,44:37:28.72,288.97162499999996,44.62464444444444,KP,5,5,5,5,5,5,5,5328.63,,,10.77,0.028,10.395,0.022,10.295,0.016,0.511,1.06,,True,True,8.0
16910,159107668,1241.01,19:18:57.54,44:38:50.45,289.73975,44.64734722222222,PC,3,4,4,3,4,4,4,5826.0,4.7802596947792,1.6466798e-05,10.542,0.021,10.257,0.017,10.213,0.014,0.029,0.4,,True,True,8.0
75720,122706449,7398.01,19:23:44.8,40:07:29.46,290.9366666666666,40.12485,PC,3,4,3,3,2,4,4,5780.0,2.606833226906,0.00041744974,13.132,0.023,12.885,0.029,12.835,0.03,1.2,1.44,,True,False,3.0
68819,359321688,5269.01,19:24:52.7,22:07:28.78,291.2195833333333,22.124661111111113,PC,3,4,3,3,3,4,4,8524.0,2.7340756,4.28e-05,10.77,0.021,10.584,0.017,10.465,0.017,0.29,4.87,2022-05-10,True,False,6.64
67861,110738386,5208.01,19:26:09.86,28:41:18.82,291.5410833333333,28.68856111111111,PC,3,4,3,3,4,4,4,6164.0,12.2307873,0.0001094,10.785,0.02,10.477,0.023,10.409,0.018,0.069,0.0,2023-06-29,True,False,6.795
16900,69068526,1196.01,19:26:49.85,17:48:31.45,291.7077083333333,17.808736111111113,PC,4,4,4,4,4,4,4,6689.0,5.5376617,9.5e-06,9.734,0.022,9.551,0.023,9.557,0.024,0.2203,1.8,2021-04-27,True,False,6.4
50222,26547036,2010.01,19:28:40.07,53:29:14.53,292.1669583333333,53.48736944444445,CP,3,5,5,3,4,4,4,5842.0,1134.6723963333,5.085344e-05,8.656,0.026,8.344,0.017,8.281,0.016,1.499,-100.0,2020-06-07,True,False,6.74
16660,112026224,1189.01,19:28:53.57,24:12:04.28,292.2232083333333,24.20118888888889,PC,3,4,3,4,3,4,4,5286.9,3.9687994,1.34e-05,8.799,0.019,8.438,0.024,8.355,0.018,0.979,1.3,2021-10-03,True,False,7.0
75095,137685450,7068.01,19:30:30.6,37:51:36.59,292.6275,37.86016388888889,KP,1,4,1,5,5,5,5,6181.58,,,10.953,0.02,10.728,0.02,10.688,0.018,0.272,5.962,,True,True,8.0
75704,259238498,7397.01,19:32:14.02,70:53:20.71,293.0584166666667,70.88908611111111,PC,2,4,2,2,4,4,4,6339.0,26.679674118212,0.00011956492,10.074,0.023,9.83,0.024,9.696,0.019,1.278,2.95,2025-08-09,True,False,7.527
59555,137903329,4485.01,19:32:22.21,41:21:19.84,293.09254166666665,41.35551111111111,KP,5,5,5,5,5,5,5,5828.81,7.3405675147766,9.2465285e-05,13.306,0.024,13.008,0.025,12.958,0.033,0.3,0.52,,True,False,4.5
72044,40292751,5786.01,19:33:17.36,30:42:15.29,293.32233333333335,30.70424722222222,CP,3,5,5,3,4,4,4,6280.0,12.7791964,6.89e-05,9.258,0.021,9.037,0.024,8.963,0.017,1.032,4.022,2024-11-09,True,True,7.114
59583,40466976,4494.01,19:33:18.77,33:28:57.38,293.3282083333333,33.48260555555556,PC,3,4,3,3,3,4,4,6303.8,32.535016,5.84e-05,6.791,0.019,6.585,0.021,6.538,0.023,0.223,0.4,2021-10-22,True,False,7.0
67931,69356857,5232.01,19:37:20.98,35:16:35.37,294.3374166666666,35.276491666666665,CP,3,5,5,3,4,4,4,6212.0,4.0966887,1.85e-05,11.182,0.022,10.906,0.021,10.857,0.018,1.408,4.5,2023-08-31,True,True,7.779
51477,96973930,2241.01,19:41:01.56,-27:51:33.39,295.25649999999996,-27.859275,PC,3,4,3,3,3,4,4,4779.7,3.3243,4e-05,9.163,0.02,8.608,0.033,8.468,0.021,0.299,3.45,2021-06-27,True,False,7.2
72990,27534138,5993.01,19:41:56.78,51:00:48.69,295.4865833333333,51.013525,KP,5,5,5,5,5,5,5,6197.21,28.541055731646,0.002546796,10.708,0.019,10.472,0.018,10.429,0.017,0.916,3.547,,True,True,8.0
56414,1870990135,3514.01,19:42:13.63,32:36:50.76,295.55679166666664,32.6141,PC,3,4,4,3,4,4,4,5623.0,1.5039495,5.2e-06,,,,,,,0.946,4.08,2022-09-14,True,False,7.324
75596,342276668,7207.01,19:42:50.92,14:11:39.2,295.71216666666663,14.194222222222223,PC,3,4,3,3,3,4,4,6554.0,12.0080349,0.000182,10.488,0.02,10.272,0.022,10.232,0.019,0.072,0.0,2025-07-27,True,False,5.5
72221,95574586,5847.01,19:43:24.12,03:01:53.24,295.8504999999999,3.0314555555555556,PC,3,4,3,3,4,4,4,6014.0,2.5641981,0.0011269,11.027,0.025,10.662,0.023,10.565,0.021,0.461,2.05,2025-10-01,True,True,7.19
59748,27769688,4579.01,19:44:31.88,48:58:38.32,296.13283333333334,48.97731111111111,KP,5,5,5,5,5,5,5,5509.61,88.495682965829,0.010978528,10.672,0.021,10.356,0.018,10.285,0.017,0.633,6.7,,True,False,8.0
50208,229490898,1872.01,19:45:01.75,64:47:30.85,296.2572916666666,64.79190277777778,PC,3,4,4,3,3,4,4,6305.2,2.2349708,2.2e-06,11.435,0.018,11.245,0.017,11.198,0.023,0.181,1.2,2020-10-28,True,False,5.9
72186,272366748,5824.01,19:45:34.37,45:34:06.72,296.3932083333333,45.568533333333335,KP,5,5,5,5,5,5,5,5741.0,3.8555896898932,4.9221235e-05,14.126,0.028,13.762,0.03,13.775,0.049,1.321,3.4,,False,False,
72306,360142739,5881.01,19:46:25.66,36:57:09.93,296.6069166666666,36.952758333333335,PC,3,4,4,3,3,4,4,6148.0,2.2377411,1.35e-05,11.892,0.021,11.652,0.027,11.507,0.022,0.729,4.7,2023-09-30,False,False,6.0
56364,390988385,3505.01,19:48:10.43,18:41:56.09,297.0434583333333,18.69891388888889,PC,3,4,3,3,4,4,4,6220.0,2.9151556,1.17e-05,10.346,0.023,10.101,0.027,10.056,0.02,0.51,1.531,2021-07-19,True,False,6.6
35877,237232044,1443.01,19:49:35.68,76:08:21.04,297.39866666666666,76.13917777777779,CP,2,5,5,2,4,4,4,5236.0,23.5407467,6.54e-05,9.178001,0.018,8.775,0.017,8.674,0.02,0.518,5.1,2020-12-26,True,False,7.0
57204,169461816,3563.01,19:49:48.9,41:00:39.67,297.45374999999996,41.01101944444444,KP,3,5,5,3,5,4,5,6779.2,17.855232163638,3.4286568e-05,10.461,0.02,10.287,0.022,10.234,0.018,0.603,3.835,,True,False,8.0
68807,435740442,5237.01,19:49:58.86,29:53:28.51,297.49524999999994,29.891252777777776,PC,3,4,4,3,3,4,4,6002.0,2.9889845,0.0013254,11.756,0.022,11.483,0.018,11.416,0.019,1.116,3.9,2023-12-02,False,False,6.01
72219,209935997,5845.01,19:52:24.41,16:40:06.22,298.1017083333333,16.668394444444445,PC,3,4,3,3,3,4,4,8944.0,1.9081122,2.47e-05,11.135,0.02,11.109,0.02,11.076,0.02,0.564,5.0,2024-07-21,True,False,5.7
70993,256326844,5651.01,19:53:52.01,60:04:09.02,298.4667083333333,60.06917222222223,PC,3,4,3,3,2,4,4,5887.0,10.6893108,8.43e-05,11.763,0.021,11.441,0.023,11.367,0.019,0.892,3.601,2023-07-02,True,False,6.608
59545,264508014,4474.01,19:54:30,48:34:38.82,298.62499999999994,48.577450000000006,KP,5,5,5,5,5,5,5,5355.0,3.3119026273477,2.0474112e-05,12.905,0.025,12.6,0.032,12.47,0.022,0.071,3.706,,True,True,8.0
73212,268159158,6090.01,19:54:32.56,44:10:15.38,298.6356666666666,44.170938888888884,KP,5,5,5,5,5,5,5,5490.0,4.7082413873569,4.9486694e-05,13.785,0.029,13.39,0.037,13.243,0.029,1.078,3.848,,False,False,
59559,263218688,4493.01,19:54:44.86,23:03:39.39,298.6869166666666,23.06094166666667,PC,3,4,3,3,4,4,4,4954.0,1.5076298,1.23e-05,8.126,0.034,7.678,0.034,7.564,0.029,0.999,5.521,2022-05-19,True,False,7.4
56409,102159710,3506.01,19:56:53.81,31:25:21.76,299.2242083333333,31.422711111111113,PC,3,4,4,3,2,4,4,5554.0,4.496138682788,0.00057519437,12.143,0.022,11.771,0.021,11.716,0.022,0.381,2.85,2023-08-29,False,False,6.528
51379,268823307,2182.01,19:57:37.69,44:02:06.14,299.40704166666666,44.035038888888884,KP,5,5,5,5,5,5,5,6295.0,3.5484480742597,1.6180154e-05,12.115,0.029,11.863,0.032,11.769,0.025,0.912,5.365,,True,False,8.0
73118,102734241,6002.01,19:58:27.42,32:17:13.81,299.61424999999997,32.287169444444444,CP,2,5,5,2,4,4,4,3272.0,10.904839246192,4.8828635e-05,10.997,0.023,10.425,0.022,10.175,0.019,0.117,1.9,2023-11-01,True,False,6.817
75051,233287217,7020.01,20:01:27.9,54:55:37.65,300.36625,54.927125,PC,3,4,3,3,3,4,4,6975.0,3.1642475,6.5e-06,10.873,0.022,10.677,0.02,10.635,0.018,1.242,5.41,2024-09-12,True,False,6.89
36057,294179385,1454.01,20:03:22.15,53:17:39.05,300.84229166666665,53.294180555555556,PC,3,4,4,3,4,4,4,6075.0,2.679416818208,1.9578429e-06,10.63,0.029,10.32,0.029,10.291,0.021,0.087,1.6,2022-09-12,True,False,7.21
56435,106224627,3522.01,20:04:19.1,34:23:55.68,301.0795833333333,34.3988,PC,3,4,3,3,2,4,4,5285.0,3.3412415,8.3e-06,11.894,,11.704,0.046,11.619,0.043,1.113,4.666,2023-08-29,False,False,7.076
56413,244487927,3513.01,20:04:53.93,25:00:34.69,301.2247083333333,25.00963611111111,PC,3,4,3,3,3,4,4,7717.5,2.9817237,1.58e-05,11.672,0.021,11.442,0.022,11.321,0.02,0.1197,0.6,2021-10-02,False,False,4.8
56528,42484503,3532.01,20:09:17.98,39:07:13.95,302.32491666666664,39.12054166666667,PC,3,4,4,3,2,4,4,4908.5,2.4563455873874,0.00011156589,11.654,0.024,11.236,0.018,11.139,0.016,0.259,0.2,2021-08-28,False,True,7.212
54416,236934268,2292.01,20:17:03.99,65:09:13.84,304.26662500000003,65.15384444444445,PC,2,4,2,2,4,4,4,5781.0,7.0767314,6.53e-05,10.221,0.02,9.889,0.018,9.836,0.019,0.231,3.73,2021-06-25,True,False,7.5
56439,417047499,3523.01,20:17:08.03,42:54:23.52,304.28345833333333,42.90653333333333,PC,3,4,4,3,4,4,4,6562.0,2.304583,3.4e-06,11.449,0.023,11.23,0.032,11.146,0.023,0.668,2.037,2023-06-07,True,False,6.682
56780,275887811,3543.01,20:20:33.85,42:53:37.21,305.1410416666666,42.89366944444444,PC,3,4,4,3,3,4,4,7849.0,6.481666,1.05e-05,11.125,0.026,10.906,0.032,10.742,0.024,0.089,1.43,2022-05-11,True,False,6.08
59615,275758701,4496.01,20:21:05.02,43:40:30.6,305.2709166666666,43.67516666666666,PC,3,4,3,3,3,4,4,,1.18803,4e-07,8.617,0.021,8.811,0.044,8.708,0.033,0.443,1.1,2021-10-30,True,False,6.5
16311,13419950,1162.01,20:21:09.44,41:27:44.52,305.28933333333333,41.46236666666667,PC,3,4,3,3,4,4,4,8730.0,7.3166682,6.3e-06,9.155,0.022,9.019,0.018,9.005,0.016,1.474,0.941,2019-10-15,True,False,6.74
75686,99025225,7328.01,20:21:14.47,27:40:38.35,305.31029166666667,27.677319444444446,PC,3,4,3,3,3,4,4,,12.5069936,6.55e-05,11.341,0.023,11.077,0.024,11.02,0.023,1.29,1.3,2025-07-27,False,False,5.3
72012,456367532,5785.01,20:22:16.34,16:36:51.5,305.5680833333333,16.614305555555557,PC,3,4,3,3,3,4,4,,3.0783215,0.0001326,9.896,0.022,9.584,0.027,9.532,0.024,0.386,0.5,2022-11-08,True,False,5.0
57267,193482096,3564.01,20:23:45.69,46:06:11.31,305.94037499999996,46.103141666666666,PC,3,4,3,3,3,4,4,6454.0,4.0875563423058,9.474743e-05,11.691,0.02,11.496,0.023,11.448,0.023,1.235,5.68,2025-10-02,True,False,6.64
59621,436166416,4497.01,20:25:35.06,27:48:57.92,306.3960833333333,27.81608888888889,PC,3,4,4,3,4,4,4,7172.0,3.6001959,1.01e-05,10.016,0.021,9.836,0.022,9.806,0.017,1.321,6.2,2021-10-22,True,False,7.4
68829,296461391,5271.01,20:27:56.35,48:19:06.95,306.98479166666664,48.31859722222222,PC,3,4,3,3,4,4,4,6358.0,4.3108587,3.4e-05,10.144,0.024,9.871,0.03,9.795,0.02,0.493,1.5,2023-08-27,True,False,6.3
57273,436314778,3569.01,20:28:03.19,26:24:05.95,307.0132916666666,26.401652777777777,PC,3,4,4,3,4,4,4,6157.0,4.5956692,3.9e-06,10.427,0.021,10.142,0.021,10.082,0.017,0.251,0.153,2023-06-30,True,False,6.3
56426,417129824,3519.01,20:32:18.72,21:20:42.25,308.078,21.345069444444444,PC,3,4,3,3,3,4,4,5870.0,3.500869,7.3e-06,11.403,0.021,11.128,0.028,11.074,0.025,1.1892,5.0,2021-10-02,True,False,6.3
74995,17129975,6969.02,20:32:38.53,40:46:42.39,308.16054166666663,40.778441666666666,PC,3,4,3,3,3,4,4,6616.0,4.5565613542041,0.00095925055,11.773,0.02,11.56,0.019,11.514,0.019,1.025,4.48,2024-09-13,True,False,4.4
56529,313408643,3533.01,20:34:15.05,35:23:42.2,308.5627083333333,35.39505555555556,PC,3,4,3,3,2,4,4,5276.4,4.3167817,6.5e-06,10.701,0.027,10.35,0.027,10.065,0.019,0.256,0.806,2021-08-28,True,True,7.226
31331,352764091,1287.01,20:34:59.43,63:28:29.78,308.74762499999997,63.47493888888889,PC,2,4,2,3,4,4,4,5891.0,9.6001125616392,1.7914575e-05,8.041,0.03,7.713,0.036,7.659,0.018,0.131,3.37,2021-06-24,True,True,7.58
58005,467265105,3923.01,20:35:24,61:08:27.36,308.84999999999997,61.14093333333333,PC,3,4,4,3,2,4,4,4964.3,4.1377886238416,0.000116386655,12.221,0.027,11.913,0.033,11.769,0.02,0.33,1.058,2021-08-24,True,False,6.529
72308,322593401,5933.01,20:37:14.58,53:16:37.99,309.31075,53.27721944444444,PC,3,4,3,3,4,4,4,4743.0,5.5901313,2.23e-05,12.46,0.026,11.947,0.031,11.798,0.024,0.316,2.051,2023-07-02,False,False,6.299
67811,286094277,5149.01,20:41:50.13,48:01:41.93,310.458875,48.02831388888889,PC,3,4,3,3,3,4,4,5903.0,27.371495248623,8.098927e-05,9.838,0.025,9.527,0.03,9.437,0.019,0.086,1.97,2025-10-01,True,False,6.2
75113,195933415,7089.01,20:43:04,45:50:13.23,310.7666666666666,45.83700833333334,PC,3,4,3,3,3,4,4,11678.0,1.5852089,5.1e-06,9.245,0.022,9.252,0.022,9.234,0.02,0.537,5.6,2026-05-08,True,False,6.6
75600,466928064,7210.01,20:46:56.1,01:49:26.63,311.73374999999993,1.824063888888889,PC,3,4,3,3,3,4,4,6453.0,2.2609143,1.16e-05,11.506,0.022,11.292,0.025,11.245,0.025,1.308,4.9,2025-07-28,True,False,5.9
32171,365733349,1288.01,20:52:40.09,65:36:31.62,313.16704166666665,65.60878333333332,CP,4,5,5,4,4,4,4,6180.0,2.6998294,3.6e-06,9.193,0.02,8.842,0.031,8.779,0.021,1.282,5.48,2021-10-29,True,False,7.12
57455,429218084,3633.01,20:53:16.13,58:05:40.53,313.3172083333333,58.094591666666666,PC,3,4,3,3,3,4,4,7233.0,2.5266409,1.05e-05,11.353,0.027,11.12,0.033,11.024,0.02,0.754,2.28,2025-10-01,True,False,3.98
75666,286857537,7325.01,20:54:44.93,20:35:49.79,313.6872083333333,20.597163888888886,PC,3,4,4,3,3,4,4,5392.0,2.0394246,3.2e-06,11.36,0.029,11.092,0.033,11.03,0.021,0.871,0.5,2025-07-28,True,False,4.5
72090,283471501,5809.01,20:58:11.78,40:11:32.15,314.5490833333333,40.19226388888889,PC,1,4,1,1,4,4,4,4115.1,9.2103194,1.93e-05,8.142,0.03,7.469,0.031,7.339,0.018,0.092,0.318,2023-06-29,True,False,7.002
57390,289100911,3584.01,20:59:34.9,52:23:45.99,314.8954166666667,52.39610833333333,PC,3,4,4,3,2,4,4,,2.7567478,2.9e-06,11.184,0.021,10.823,0.017,10.732,0.023,1.09,0.366,2021-08-28,False,True,6.939
73197,196066560,6077.01,20:59:39.33,40:42:21.64,314.91387499999996,40.70601111111112,PC,1,4,1,1,4,4,4,3761.0,2.2111104214132,1.164876e-05,11.06,0.024,10.408,0.015,10.235,0.014,0.083,1.1,2024-07-21,True,False,6.661
72074,459735346,5808.01,21:02:26.14,10:36:37.68,315.60891666666663,10.610466666666666,PC,1,4,1,1,4,4,4,5707.0,7.1701672,3.41e-05,8.339,0.02,8.0,0.038,7.932,0.021,0.976,5.2,2023-07-14,True,False,7.0
57389,289895191,3583.01,21:03:31.73,48:41:16.42,315.88220833333327,48.68789444444444,PC,3,4,3,3,2,4,4,3882.0,5.2462501234691,0.00045076237,10.469,0.02,9.76,0.017,9.557,0.022,0.589,4.054,2021-08-28,True,True,7.027
75606,125695940,7266.01,21:04:32.16,12:38:32.96,316.13399999999996,12.642488888888888,PC,3,4,4,3,4,4,4,6148.0,3.8789319,8e-06,11.066,0.021,10.809,0.023,10.719,0.022,0.452,2.9,2025-07-10,True,False,6.653
3234,29857954,172.01,21:06:31.65,-26:41:34.31,316.631875,-26.69286388888889,CP,4,5,5,5,4,5,4,5801.8,9.47686,4e-05,10.135,0.026,9.825,0.025,9.722,0.021,1.1021,4.9,2018-10-22,True,False,7.0
57391,267373896,3587.01,21:07:20.32,49:25:54.53,316.83466666666664,49.43181388888889,PC,3,4,4,3,4,4,4,7486.0,4.1584817,5.4e-06,10.481,0.019,10.181,0.027,10.071,0.021,0.346,1.72,2025-10-01,True,True,6.633
51531,265146266,2255.01,21:07:34.25,74:22:59.71,316.8927083333333,74.38325277777777,PC,3,4,4,3,3,4,4,6049.0,11.9526103,3.23e-05,11.205,0.022,10.83,0.03,10.728,0.023,0.204,1.5,2020-12-02,True,False,5.0
56434,429036977,3521.01,21:07:45.54,31:46:51.42,316.93975,31.78095,PC,3,4,4,3,2,4,4,5757.3,3.244038695037,4.797542e-06,11.981,0.028,11.726,0.034,11.633,0.022,0.4,0.952,2021-08-28,False,True,6.347
73259,357872559,6131.01,21:07:55.93,48:34:56.27,316.9830416666666,48.58229722222222,PC,3,4,4,3,3,4,4,6286.0,2.5530138,6.7e-06,11.704,0.023,11.388,0.029,11.279,0.022,0.573,4.0,2023-08-30,False,False,5.3
75138,286382849,7118.01,21:13:23.09,61:45:16.46,318.34620833333327,61.75457222222222,PC,3,4,3,3,3,4,4,6783.0,37.8016862,0.0002061,9.721,0.027,9.345,0.029,9.23,0.021,0.252,1.9,2025-12-05,True,False,5.9
34517,167092385,1318.01,21:14:53.91,38:05:39.24,318.72462499999995,38.094233333333335,PC,3,4,3,3,4,4,4,,4.9865029,1.39e-05,9.797,0.022,9.635,0.016,9.608,0.013,0.287,0.6,2021-07-13,True,False,6.456
0,290131778,123.01,21:18:47.9,-26:36:58.95,319.6995833333333,-26.616375,CP,3,5,5,5,4,5,3,6188.0,3.3088922,7.1e-06,7.232,0.026,7.048,0.021,6.959,0.024,1.281,1.7033,2018-09-18,True,True,8.5
75603,160103855,7259.01,21:27:46.8,32:35:05.57,321.945,32.58488055555556,PC,3,4,3,3,3,4,4,5975.0,16.4591808,0.000131,11.516,0.025,11.221,0.02,11.148,0.014,0.652,3.6,2025-07-10,True,False,5.5
72960,160432093,5971.01,21:31:01.09,30:00:12.41,322.7545416666666,30.00344722222222,PC,3,4,3,3,4,4,4,6528.05,3.9914012049097,0.00018048221,10.454,0.021,10.199,0.018,10.15,0.011,0.683,5.4,2023-08-28,True,False,7.5
56784,15460993,3544.01,21:32:49.35,26:50:46.09,323.205625,26.84613611111111,PC,3,4,4,3,4,4,4,5276.4,2.2020405,2.9e-06,11.833,0.021,11.515,0.023,11.417,0.018,0.1874,1.6,2021-10-02,False,True,6.618
72285,353146308,5873.01,21:39:56.69,01:17:36.12,324.9862083333333,1.2933666666666666,PC,3,4,3,3,3,4,4,3621.0,0.4131063,2.79e-05,12.658,0.024,12.056,0.021,11.851,0.024,0.131,1.34,2025-10-08,True,False,5.73
56790,239628993,3553.01,21:42:24.91,29:52:09.75,325.6037916666666,29.869375,PC,3,4,4,3,4,4,4,6497.2,1.9410634641013,9.892338e-05,10.51,0.018,10.286,0.017,10.285,0.015,0.25,0.615,2021-08-24,True,False,7.143
73295,190822775,6166.01,21:43:55.67,46:34:16.18,325.98195833333324,46.57116111111112,PC,3,4,4,3,3,4,4,6012.0,1.8021196,3.1e-06,11.475,0.021,11.204,0.023,11.152,0.016,1.233,5.25,2025-12-10,True,False,6.17
57373,407658979,3575.01,21:45:53.58,36:14:51.46,326.47324999999995,36.24762777777778,PC,3,4,3,3,2,4,4,5739.0,8.084554,0.0017143,11.395,0.021,11.066,0.024,10.979,0.026,0.43,1.902,2021-08-08,True,False,7.51
57369,407694390,3574.01,21:46:23.81,41:40:53.68,326.5992083333333,41.681577777777775,PC,3,4,3,3,3,4,4,4675.9,3.6691817,1.17e-05,12.186,0.021,11.684,0.03,11.561,0.024,0.472,1.37,2022-09-15,True,False,5.26
72344,287643871,5952.01,21:47:19.54,34:51:03.4,326.83141666666666,34.850944444444444,PC,3,4,4,3,4,4,4,5513.0,45.7138545,3.92e-05,8.758,0.029,8.401,0.053,8.323,0.029,0.78,1.738,2023-06-29,True,False,7.0
71933,256584532,5755.01,21:50:44.75,70:38:47.14,327.6864583333333,70.64642777777779,PC,3,4,4,3,3,4,4,5188.0,5.4397285,2.32e-05,12.027,0.027,11.639,0.031,11.52,0.021,0.347,3.5,2023-09-29,False,False,5.6
56503,326203952,3529.01,21:52:14.34,27:36:26.17,328.05975,27.607269444444444,PC,3,4,4,3,4,4,4,5770.0,2.5850398,3.2e-06,12.214,0.024,11.95,0.031,11.872,0.023,0.09,0.3,2021-08-08,False,False,6.864
75928,410774020,7690.01,21:53:25.83,65:40:48.44,328.357625,65.68012222222222,PC,1,4,1,1,3,4,4,5840.0,37.3522191,0.0001077,7.974,0.037,7.694,0.034,7.602,0.029,1.344,5.74,2026-05-08,True,False,
56530,17865622,3540.01,21:55:38.73,28:10:46.2,328.91137499999996,28.1795,CP,3,5,5,3,4,4,4,6011.2,3.1198403898987,0.00012818676,10.237,0.021,9.899,0.022,9.784,0.017,0.91,1.022,2021-08-24,True,False,7.485
57459,370981403,3637.01,21:56:55.59,53:49:35.51,329.231625,53.82653055555556,PC,3,4,3,3,3,4,4,5579.5,3.7330471,7.4e-06,12.161,0.024,11.957,0.031,11.933,0.022,0.13,0.88,2024-09-10,False,False,
73442,469702377,6188.01,21:58:16.34,55:48:20.08,329.5680833333333,55.80557777777778,PC,3,4,3,3,4,4,4,5660.0,4.7061119,2.33e-05,11.259,0.026,10.919,0.031,10.801,0.025,1.467,5.0,2023-09-22,True,False,6.3
58019,334394274,3950.01,22:04:18.91,61:37:40.56,331.07879166666663,61.62793333333333,PC,3,4,3,3,3,4,4,5994.0,3.4488281,7.2e-06,12.498,0.027,12.136,0.029,12.093,0.022,0.695,5.81,2024-08-16,False,False,5.88
72316,258738667,5950.01,22:09:52.62,19:56:17.03,332.46924999999993,19.938063888888887,PC,3,4,3,3,3,4,4,,6.4389303,2.03e-05,9.867,0.03,9.539,0.03,9.506,0.02,0.593,0.9,2023-08-27,True,False,5.6
75137,335624180,7113.01,22:11:41.02,60:45:29.25,332.92091666666664,60.758125,PC,3,4,3,3,3,4,4,5691.0,4.6351977,6.6e-06,11.717,0.029,11.457,0.036,11.28,0.024,1.298,4.7,2025-12-05,False,False,5.3
72944,27863043,5953.01,22:12:06.36,26:28:28.07,333.02649999999994,26.474463888888888,PC,3,4,3,3,4,4,4,5242.0,7.4924561,9.32e-05,8.982,0.021,8.603,0.017,8.524,0.018,1.294,5.052,2023-06-30,True,False,7.093
34535,353038705,1389.01,22:12:31.67,31:21:52.8,333.1319583333333,31.36466666666667,PC,3,4,3,3,4,4,4,5086.8,3.062624,8.1e-06,9.074,0.029,8.667,0.031,8.524,0.022,0.876,3.0,2021-07-12,True,False,7.1
75688,323407659,7337.01,22:13:25.28,67:23:39.03,333.35533333333325,67.394175,PC,3,4,4,3,3,4,4,6846.0,4.2619292,1.07e-05,9.079001,0.026,8.931,0.032,8.846,0.021,1.5,3.1,2016-01-01,True,False,6.6
57399,330135981,3604.01,22:14:00.25,56:55:08.33,333.50104166666665,56.91898055555556,PC,3,4,4,3,2,4,4,4893.1,1.0666962606745,6.4165943e-06,10.845,0.027,10.364,0.031,10.252,0.022,0.3,0.155,2021-09-19,True,False,6.546
73235,404516402,6125.01,22:19:35.77,12:21:23.08,334.8990416666666,12.356411111111111,PC,3,4,4,3,4,4,4,4767.0,2.3107907,0.0001295,11.894,0.021,11.411,0.022,11.299,0.02,0.852,3.331,2023-07-01,True,False,6.435
75591,422159302,7183.01,22:22:29.54,58:04:59.13,335.6230833333333,58.08309166666667,PC,3,4,3,3,3,4,4,9088.0,10.5739387,6.64e-05,8.759,0.029,8.635,0.031,8.571,0.023,1.032,1.8,2025-12-04,True,False,3.5
35687,164173105,1417.01,22:23:18.07,35:02:05.71,335.8252916666666,35.03491944444444,CP,3,5,5,3,4,4,5,7164.0,3.0726433986671,1.102023e-06,8.138,0.021,8.043,0.027,7.991,0.017,0.031,2.71,2020-12-03,True,False,7.28
73457,422223456,6202.01,22:23:24.62,55:04:31.9,335.8525833333333,55.07552777777778,PC,3,4,3,3,3,4,4,7767.0,2.8979408,7.5e-06,10.838,0.022,10.642,0.03,10.582,0.022,0.081,1.1,2023-08-31,True,False,6.8
73263,164260243,6162.01,22:24:20.58,34:09:31.41,336.08574999999996,34.158725,PC,3,4,4,3,4,4,4,7218.8,1.8478843,1.8e-06,10.583,0.021,10.454,0.02,10.373,0.014,0.568,4.8,2023-08-28,True,False,7.6
58017,338065029,3944.01,22:31:08.52,61:38:34.8,337.78549999999996,61.643,PC,3,4,4,3,3,4,4,4746.7,2.3151015,6.7e-06,11.459,0.029,11.169,0.033,10.986,0.023,0.203,2.4,2024-09-12,True,False,
75122,452864692,7094.01,22:34:32.47,53:36:39.13,338.6352916666666,53.61086944444445,PC,3,4,3,3,3,4,4,,2.1125062,3.8e-06,11.706,0.027,11.455,0.036,11.344,0.025,0.354,0.5,2025-12-05,False,False,4.4
74418,64837857,6650.04,22:35:13.28,54:46:24.81,338.80533333333324,54.773558333333334,PC,3,4,3,3,4,4,4,6500.6,,,9.558,0.018,9.369,0.017,9.291,0.017,0.393,2.57,2023-11-26,True,False,7.3
73953,64837857,6650.02,22:35:13.28,54:46:24.81,338.80533333333324,54.773558333333334,PC,3,4,3,3,4,4,4,6500.6,30.5055627,0.0003279,9.558,0.018,9.369,0.017,9.291,0.017,0.393,2.57,2023-11-26,True,False,7.3
73488,64837857,6650.01,22:35:13.28,54:46:24.81,338.80533333333324,54.773558333333334,PC,3,4,4,3,4,4,4,6500.6,20.3292125,8.7e-06,9.558,0.018,9.369,0.017,9.291,0.017,0.393,2.57,2023-11-26,True,False,7.3
57439,65981892,3618.01,22:42:03.57,52:20:37.24,340.51487499999996,52.34367777777778,PC,3,4,4,3,2,4,4,6083.0,3.4898546,5.4e-06,12.068,0.021,11.787,0.023,11.698,0.022,0.24,2.05,2022-09-08,False,True,7.393
73261,434186655,6150.01,22:43:58.1,22:17:20.01,340.99208333333326,22.288891666666668,PC,3,4,3,3,3,4,4,3818.0,1.3094686,0.0001183,12.202,0.021,11.56,0.02,11.345,0.018,0.352,1.9,2023-10-23,True,False,3.8
75136,66286602,7112.01,22:44:02.81,49:41:14.85,341.0117083333333,49.68745833333333,PC,3,4,4,3,3,4,4,,3.424993,8.2e-06,12.531,0.024,12.25,0.041,12.171,0.03,0.526,0.5,2025-12-05,False,False,3.3
75589,154264903,7160.01,22:48:12.54,47:10:13.74,342.05224999999996,47.17048333333333,PC,3,4,3,3,3,4,4,6001.8,3.0825102,9.2e-06,12.128,0.023,11.825,0.021,11.733,0.019,0.279,1.2,2025-12-05,False,False,4.7
5696,47425697,364.01,22:49:01.48,-24:57:33.46,342.2561666666666,-24.959294444444442,PC,2,5,5,5,4,2,4,6219.7,0.4941631,6e-07,9.967,0.023,9.757,0.028,9.686,0.025,0.3739,0.0,2019-05-18,True,False,6.81
58009,434171145,3926.01,22:50:31.29,61:09:34.51,342.63037499999996,61.15958611111111,PC,3,4,4,3,3,4,4,6466.0,2.7873223,6.3e-06,11.169,0.024,10.858,0.028,10.761,0.023,0.471,0.7,2021-08-01,True,False,5.1
58013,371676181,3936.01,22:57:17.29,59:12:04.94,344.32204166666656,59.201372222222226,PC,3,4,3,3,3,4,4,5196.8,1.4858906,2.7e-06,11.67,0.066,11.44,0.034,11.35,0.113,0.397,1.6,2021-08-01,True,False,5.3
75142,420383981,7119.01,22:59:31.66,54:53:17.55,344.88191666666665,54.88820833333333,PC,3,4,3,3,3,4,4,6258.1,2.5933417,2.6e-06,11.374,0.032,11.073,0.033,10.93,0.026,0.259,2.86,2025-10-01,True,False,6.16
36197,252616865,1482.01,23:03:58.77,52:33:45.7,345.9948749999999,52.56269444444444,PC,3,4,4,3,4,4,4,6720.0,5.7121916,2.92e-05,9.572,0.022,9.405,0.015,9.349,0.016,0.531,3.986,2020-12-01,True,False,7.0
36665,455791689,1544.01,23:05:23.37,46:54:11.22,346.34737499999994,46.90311666666666,PC,3,4,3,3,4,4,4,4630.4,1.2918334,1.3e-06,9.349,0.027,8.851,0.031,8.688,0.02,0.62,4.085,2021-08-24,True,False,6.993
59671,4464022,4542.01,23:06:22.26,-09:12:05.32,346.59274999999997,-9.201477777777777,PC,3,4,3,3,4,4,4,4781.0,5.9167681222998,2.5912022e-06,11.271,0.024,10.751,0.023,10.649,0.022,1.433,3.388,2021-11-21,True,False,6.3
74897,262584907,6837.01,23:12:38.66,02:41:08.12,348.16108333333324,2.6855888888888892,PC,1,4,1,1,4,4,4,5872.1,0.9494413,9.6e-06,6.546,0.021,6.308,0.021,6.184,0.017,0.14,0.4,2024-08-22,True,False,7.7
73340,67478724,6171.01,23:18:37.3,32:18:05.94,349.65541666666667,32.301649999999995,PC,3,4,4,3,4,4,4,5876.0,3.7473877,0.0007698,10.425,0.021,10.13,0.018,10.075,0.015,0.118,0.352,2023-06-30,True,False,6.943
75574,269231011,7128.01,23:20:13.87,60:25:26.55,350.0577916666666,60.42404166666667,PC,3,4,3,3,3,4,4,,2.9650741,1.11e-05,12.14,0.023,11.967,0.028,11.934,0.027,0.667,0.9,2025-11-09,False,False,4.0
48110,174041208,1740.01,23:24:04.32,43:22:36.01,351.018,43.376669444444445,PC,2,4,2,2,4,4,4,5366.0,19.428419032211,0.0037161424,9.651,0.02,9.215,0.018,9.11,0.018,0.233,3.65,2020-12-06,True,True,7.16
68837,422486295,5294.01,23:25:52.25,04:27:17.63,351.4677083333333,4.454897222222223,PC,3,4,3,3,3,4,4,5462.7,5.6707432,0.0007223,10.851,0.029,10.506,0.029,10.367,0.021,1.224,0.1,2022-06-12,True,False,6.4
75124,444209952,7101.01,23:29:12.25,54:58:15.87,352.30104166666666,54.971075,PC,3,4,3,3,3,4,4,,1.8471592,3.9e-06,11.668,0.024,11.45,0.03,11.451,0.02,0.385,0.64,2025-12-09,True,False,4.6
58185,427866520,4027.01,23:32:38.07,69:25:19.71,353.158625,69.42214166666668,PC,2,4,2,2,4,4,4,5593.0,3.6074546,2.48e-05,10.56,0.019,10.188,0.029,10.126,0.025,0.865,4.5,2021-07-19,True,False,6.3
58037,252049912,3969.01,23:34:34.45,54:32:29.95,353.64354166666664,54.54165277777778,PC,3,4,4,3,4,4,4,5371.2,3.8522402,8.2e-06,11.841,0.022,11.534,0.019,11.463,0.025,0.08,0.125,2021-08-23,False,False,6.663
59653,434105094,4506.01,23:37:38.55,-12:50:33.11,354.410625,-12.842530555555555,PC,2,4,2,2,3,4,4,2938.0,5.4107023577303,7.328049e-06,11.462,0.023,10.83,0.022,10.452,0.021,0.132,1.09,2024-07-13,True,False,5.08
73121,125520907,6019.01,23:40:21.92,35:56:27.02,355.0913333333333,35.940838888888884,CP,3,5,5,3,4,4,4,5559.5,14.5478626,4.73e-05,9.391,0.021,9.043,0.021,8.94,0.016,0.979,5.52,2023-08-29,True,False,7.1
58022,272219353,3961.01,23:42:58.67,62:17:24.45,355.7444583333333,62.290124999999996,PC,3,4,4,3,4,4,4,5354.0,3.5434689,5.2e-06,11.988,0.023,11.798,0.03,11.695,0.028,0.71,2.399,2021-08-23,False,False,6.666
75696,113542042,7346.01,23:43:35.38,23:18:26.18,355.89741666666663,23.307272222222224,PC,3,4,3,3,3,4,4,,1.7687035,0.0003795,12.131,0.023,11.789,0.026,11.747,0.024,1.065,1.78,2025-12-09,True,False,
5601,2758565,287.01,23:45:07.93,-17:26:57.35,356.28304166666663,-17.44926388888889,PC,3,4,4,3,4,4,4,5807.0,3.781568327083,3.0660715e-06,11.701,0.022,11.331,0.026,11.249,0.023,0.14,3.71,2019-07-17,False,False,6.21
75579,470749725,7136.01,23:51:29.58,60:55:59.77,357.87325,60.93326944444444,PC,3,4,3,3,3,4,4,,5.6897753,2.55e-05,11.999,0.028,11.607,0.03,11.477,0.026,0.888,1.0,2025-11-09,False,False,3.7
54518,89544985,2389.01,23:51:50.95,-19:10:42.53,357.96229166666666,-19.178480555555556,PC,3,4,3,3,3,4,4,5335.0,2.3372422722662,3.6926308e-06,12.626,0.026,12.237,0.022,12.17,0.027,0.473,3.33,2024-07-15,False,False,5.78
5661,228507250,309.01,23:52:09.5,-15:48:03.78,358.0395833333333,-15.80105,PC,3,4,4,3,4,4,4,5329.0,6.1573300241061,8.080587e-06,11.687,0.021,11.295,0.023,11.219,0.022,0.319,0.4754,2019-07-14,False,False,5.73
71931,426144112,5751.01,23:56:19.05,73:54:27.35,359.07937499999997,73.90759722222222,PC,3,4,3,3,3,4,4,5219.0,1.7465205,4.9e-06,12.204,0.025,11.761,0.032,11.617,0.027,1.463,2.3,2023-09-30,False,False,5.8
5643,327952677,295.01,23:56:22.05,-13:16:17.9,359.09187499999996,-13.271638888888889,KP,4,5,5,5,5,4,5,5864.0,3.396944097608,2.4115584e-06,11.522,0.027,11.186,0.022,11.137,0.024,0.892,2.72,2018-12-23,True,False,6.459
