Date,sunrise_UTC,sunrise_az,sunrise_el,sunrise_ra,sunrise_dec,sunrise_sidereal,sunset_UTC,sunset_az,sunset_el,sunset_ra,sunset_dec,sunset_sidereal
2025-01-01,2025-Jan-01 04:04,246.609324,-2.96137,281.94463,-22.98498,0.4394978465,2025-Jan-01 16:47,113.340862,-2.964344,282.53436,-22.93935,13.1909827893
2025-01-02,2025-Jan-02 04:05,246.734186,-3.04538,283.04849,-22.89714,0.5219220074,2025-Jan-02 16:47,113.217335,-3.033311,283.63666,-22.84754,13.2566941233
2025-01-03,2025-Jan-03 04:06,246.866658,-3.128246,284.15082,-22.80168,0.6043451291,2025-Jan-03 16:47,113.08721,-3.09843,284.73735,-22.74815,13.3224043615
2025-01-04,2025-Jan-04 04:06,246.926893,-2.993791,285.2507,-22.69874,0.6700548724,2025-Jan-04 16:48,113.030373,-2.943148,285.83705,-22.64116,13.404825914
2025-01-05,2025-Jan-05 04:07,247.074697,-3.074611,286.34954,-22.58821,0.7524760728,2025-Jan-05 16:48,112.887235,-3.000061,286.93411,-22.52676,13.4705345431
2025-01-06,2025-Jan-06 04:07,247.150109,-2.938052,287.44568,-22.47031,0.8181845856,2025-Jan-06 16:48,112.737764,-3.052852,288.02918,-22.40495,13.5362430815
2025-01-07,2025-Jan-07 04:08,247.313206,-3.017389,288.54053,-22.34494,0.9006055856,2025-Jan-07 16:48,112.58205,-3.101448,289.12214,-22.27579,13.6019521153
2025-01-08,2025-Jan-08 04:09,247.483875,-3.096317,289.63323,-22.21223,0.9830273283,2025-Jan-08 16:49,112.5001,-2.928472,290.21366,-22.13925,13.6843744136
2025-01-09,2025-Jan-09 04:09,247.582016,-2.957597,290.72292,-22.07237,1.0487378806,2025-Jan-09 16:49,112.332143,-2.968223,291.30213,-21.99559,13.7500856028
2025-01-10,2025-Jan-10 04:10,247.767819,-3.035816,291.81104,-21.92522,1.1311619173,2025-Jan-10 16:49,112.158228,-3.003597,292.38821,-21.84479,13.8157978835
2025-01-11,2025-Jan-11 04:11,247.961092,-3.114,292.89672,-21.77096,1.2135868951,2025-Jan-11 16:49,111.97845,-3.03455,293.47182,-21.68693,13.8815108753
2025-01-12,2025-Jan-12 04:11,248.081629,-2.974123,293.97913,-21.60978,1.2793000459,2025-Jan-12 16:49,111.792898,-3.061043,294.55288,-21.52208,13.9472240577
2025-01-13,2025-Jan-13 04:12,248.289784,-3.052267,295.0597,-21.44154,1.3617254212,2025-Jan-13 16:49,111.601665,-3.08304,295.6313,-21.35033,14.0129368704
2025-01-14,2025-Jan-14 04:13,248.505275,-3.130703,296.1376,-21.26641,1.4441501911,2025-Jan-14 16:49,111.40484,-3.100507,296.70701,-21.17175,14.0786488716
2025-01-15,2025-Jan-15 04:13,248.647785,-2.990534,297.21201,-21.08461,1.5098617152,2025-Jan-15 16:49,111.202512,-3.113414,297.77996,-20.98641,14.1443598418
2025-01-16,2025-Jan-16 04:14,248.877869,-3.06952,298.28437,-20.89596,1.5922844868,2025-Jan-16 16:49,110.994774,-3.121731,298.85008,-20.7944,14.2100697971
2025-01-17,2025-Jan-17 04:14,249.034689,-2.929523,299.35314,-20.7008,1.6579940216,2025-Jan-17 16:49,110.781718,-3.125429,299.91732,-20.59579,14.2757789377
2025-01-18,2025-Jan-18 04:15,249.27915,-3.00943,300.41973,-20.49894,1.7404151728,2025-Jan-18 16:49,110.563441,-3.124484,300.98163,-20.39067,14.3414875599
2025-01-19,2025-Jan-19 04:16,249.530679,-3.090118,301.48337,-20.29061,1.8228359666,2025-Jan-19 16:49,110.340042,-3.11887,302.04296,-20.17914,14.4071960116
2025-01-20,2025-Jan-20 04:16,249.708645,-2.951138,302.54327,-20.07604,1.8885444578,2025-Jan-20 16:49,110.111624,-3.108565,303.10127,-19.96127,14.4729046267
2025-01-21,2025-Jan-21 04:17,249.974177,-3.033303,303.60086,-19.85502,1.9709655508,2025-Jan-21 16:49,109.878291,-3.093549,304.15651,-19.73716,14.5386136838
2025-01-22,2025-Jan-22 04:18,250.246578,-3.116532,304.65536,-19.62781,2.0533871973,2025-Jan-22 16:49,109.640151,-3.073804,305.20864,-19.50691,14.6043233962
2025-01-23,2025-Jan-23 04:18,250.445078,-2.979343,305.706,-19.39466,2.1190972749,2025-Jan-23 16:49,109.397314,-3.049316,306.25762,-19.27062,14.6700338929
2025-01-24,2025-Jan-24 04:19,250.731044,-3.06459,306.75419,-19.15534,2.2015204636,2025-Jan-24 16:49,109.149892,-3.020072,307.30341,-19.02839,14.7357452011
2025-01-25,2025-Jan-25 04:19,250.942769,-2.928921,307.79845,-18.9103,2.2672321264,2025-Jan-25 16:49,108.897999,-2.986061,308.34598,-18.78033,14.8014571961
2025-01-26,2025-Jan-26 04:20,251.241972,-3.01653,308.84018,-18.6593,2.349656666,2025-Jan-26 16:49,108.641754,-2.947275,309.38527,-18.52653,14.8671696189
2025-01-27,2025-Jan-27 04:21,251.547638,-3.105649,309.87862,-18.40262,2.4320814687,2025-Jan-27 16:48,108.300559,-3.126973,310.42054,-18.2673,14.9161697958
2025-01-28,2025-Jan-28 04:21,251.778671,-2.973016,310.91301,-18.14055,2.4977938066,2025-Jan-28 16:48,108.035856,-3.078962,311.45317,-18.0024,14.9818818559
2025-01-29,2025-Jan-29 04:22,252.097036,-3.065008,311.94474,-17.87284,2.5802178038,2025-Jan-29 16:48,107.767159,-3.02616,312.48242,-17.7321,15.0475930688
2025-01-30,2025-Jan-30 04:22,252.340406,-2.934706,312.97235,-17.59999,2.6459284972,2025-Jan-30 16:48,107.494593,-2.968566,313.50825,-17.45653,15.1133031608
2025-01-31,2025-Jan-31 04:23,252.671089,-3.029899,313.99724,-17.32172,2.7283503226,2025-Jan-31 16:47,107.13734,-3.130916,314.52992,-17.17599,15.1622998225
2025-02-01,2025-Feb-01 04:24,253.007761,-3.127013,315.01866,-17.03834,2.810771128,2025-Feb-01 16:47,106.857268,-3.064087,315.54884,-16.89022,15.2280079702
2025-02-02,2025-Feb-02 04:24,253.269017,-3.00093,316.03591,-16.75017,2.8764790784,2025-Feb-02 16:47,106.57369,-2.992485,316.56429,-16.59953,15.2937158738
2025-02-03,2025-Feb-03 04:25,253.617403,-3.101678,317.05039,-16.45693,2.9588993872,2025-Feb-03 16:47,106.286727,-2.91613,317.57627,-16.30403,15.3594241507
2025-02-04,2025-Feb-04 04:25,253.889993,-2.978624,318.06071,-16.15914,3.0246080384,2025-Feb-04 16:46,105.915232,-3.06123,318.58411,-16.00405,15.4084210051
2025-02-05,2025-Feb-05 04:26,254.249656,-3.083222,319.06828,-15.85651,3.1070300257,2025-Feb-05 16:46,105.621697,-2.975797,319.5892,-15.6993,15.4741312888
2025-02-06,2025-Feb-06 04:26,254.533133,-2.963381,320.07172,-15.54959,3.1727408566,2025-Feb-06 16:45,105.24378,-3.112647,320.59019,-15.39031,15.5231303437
2025-02-07,2025-Feb-07 04:27,254.903607,-3.071977,321.07245,-15.23805,3.2551649259,2025-Feb-07 16:45,104.944111,-3.018307,321.58849,-15.07679,15.5888424407
2025-02-08,2025-Feb-08 04:27,255.197502,-2.955468,322.06911,-14.92246,3.3208772168,2025-Feb-08 16:45,104.641616,-2.919431,322.58342,-14.75906,15.654554803
2025-02-09,2025-Feb-09 04:28,255.57831,-3.068144,323.06311,-14.60249,3.4033018138,2025-Feb-09 16:44,104.254783,-3.044056,323.57433,-14.43745,15.7035545978
2025-02-10,2025-Feb-10 04:28,255.882147,-2.955027,324.05311,-14.2787,3.469013611,2025-Feb-10 16:44,103.946764,-2.93662,324.56265,-14.11164,15.7692659984
2025-02-11,2025-Feb-11 04:29,256.27281,-3.071806,325.04053,-13.95074,3.5514368714,2025-Feb-11 16:43,103.554467,-3.053518,325.54705,-13.78218,15.8182641632
2025-02-12,2025-Feb-12 04:29,256.586117,-2.962093,326.02405,-13.6192,3.6171468377,2025-Feb-12 16:43,103.241294,-2.937789,326.52895,-13.44873,15.8839736145
2025-02-13,2025-Feb-13 04:30,256.986163,-3.082953,327.0051,-13.2837,3.6995681227,2025-Feb-13 16:42,102.843874,-3.047216,327.50704,-13.11185,15.9329698766
2025-02-14,2025-Feb-14 04:30,257.308471,-2.976621,327.98236,-12.94483,3.7652763317,2025-Feb-14 16:42,102.525898,-2.923484,328.48274,-12.77119,15.9986777989
2025-02-15,2025-Feb-15 04:31,257.717427,-3.101507,328.95726,-12.60222,3.8476963644,2025-Feb-15 16:41,102.123687,-3.025711,329.45477,-12.42732,16.0476731435
2025-02-16,2025-Feb-16 04:31,258.048264,-2.998512,329.92852,-12.25645,3.913404001,2025-Feb-16 16:40,101.719207,-3.124616,330.42387,-12.08011,16.0966685583
2025-02-17,2025-Feb-17 04:32,258.465652,-3.12735,330.89755,-11.90716,3.9958241564,2025-Feb-17 16:40,101.394594,-2.989589,331.39078,-11.72944,16.162376634
2025-02-18,2025-Feb-18 04:32,258.804534,-3.027634,331.86307,-11.55493,4.0615325033,2025-Feb-18 16:39,100.985826,-3.081714,332.35421,-11.37589,16.2113730098
2025-02-19,2025-Feb-19 04:32,259.147179,-2.929397,332.82582,-11.19963,4.1272415301,2025-Feb-19 16:39,100.657289,-2.939464,333.31558,-11.01909,16.2770824167
2025-02-20,2025-Feb-20 04:33,259.576303,-3.063831,333.78652,-10.84113,4.2096636155,2025-Feb-20 16:38,100.244582,-3.025107,334.27361,-10.65964,16.326080287
2025-02-21,2025-Feb-21 04:33,259.926253,-2.968775,334.74392,-10.48003,4.2753741453,2025-Feb-21 16:37,99.830025,-3.107774,335.22903,-10.29741,16.3750788557
2025-02-22,2025-Feb-22 04:34,260.36257,-3.106923,335.6994,-10.11595,4.3577976059,2025-Feb-22 16:37,99.496193,-2.955441,336.18257,-9.93226,16.4407902555
2025-02-23,2025-Feb-23 04:34,260.719316,-3.01497,336.6517,-9.74951,4.4235091651,2025-Feb-23 16:36,99.078234,-3.032082,337.13295,-9.5648,16.4897895824
2025-02-24,2025-Feb-24 04:34,261.079198,-2.92442,337.60153,-9.38057,4.4892207569,2025-Feb-24 16:35,98.658692,-3.105961,338.0809,-9.19491,16.5387887301
2025-02-25,2025-Feb-25 04:35,261.525341,-3.067789,338.5496,-9.00898,4.5716442469,2025-Feb-25 16:35,98.320408,-2.944304,339.02713,-8.82244,16.6044995542
2025-02-26,2025-Feb-26 04:35,261.891242,-2.980233,339.49466,-8.6354,4.637354609,2025-Feb-26 16:34,97.89803,-3.012614,339.97037,-8.44803,16.6534970821
2025-02-27,2025-Feb-27 04:36,262.343286,-3.127045,340.43808,-8.2594,4.7197761508,2025-Feb-27 16:33,97.474354,-3.078372,340.91134,-8.07153,16.7024934415
2025-02-28,2025-Feb-28 04:36,262.714683,-3.042416,341.37858,-7.88164,4.7854842574,2025-Feb-28 16:32,97.049474,-3.14164,341.85009,-7.69307,16.751488791
2025-03-01,2025-Mar-01 04:36,263.088569,-2.959131,342.3169,-7.50197,4.85119157,2025-Mar-01 16:32,96.706569,-2.96877,342.78734,-7.3125,16.8171959335
2025-03-02,2025-Mar-02 04:37,263.548486,-3.110797,343.25374,-7.12025,4.9336110131,2025-Mar-02 16:31,96.279631,-3.027051,343.72184,-6.93046,16.8661909611
2025-03-03,2025-Mar-03 04:37,263.92709,-3.030341,344.18788,-6.73711,4.9993186825,2025-Mar-03 16:30,95.851773,-3.083053,344.65433,-6.54681,16.9151868061
2025-03-04,2025-Mar-04 04:37,264.307799,-2.951182,345.12002,-6.35242,5.0650274011,2025-Mar-04 16:29,95.423087,-3.136849,345.58487,-6.16166,16.9641838377
2025-03-05,2025-Mar-05 04:38,264.774414,-3.107431,346.0509,-5.96602,5.1474496509,2025-Mar-05 16:29,95.077105,-2.954119,346.51418,-5.77485,17.029894349
2025-03-06,2025-Mar-06 04:38,265.159048,-3.03093,346.97929,-5.57856,5.2131606502,2025-Mar-06 16:28,94.647097,-3.0036,347.44104,-5.38705,17.0788934149
2025-03-07,2025-Mar-07 04:38,265.54539,-2.955626,347.90591,-5.18989,5.278872264,2025-Mar-07 16:27,94.216516,-3.051144,348.36616,-4.9981,17.1278928418
2025-03-08,2025-Mar-08 04:39,266.017507,-3.116029,348.83147,-4.79984,5.3612962784,2025-Mar-08 16:26,93.785438,-3.096843,349.28963,-4.60809,17.1768921275
2025-03-09,2025-Mar-09 04:39,266.406977,-3.043098,349.75478,-4.40907,5.4270076149,2025-Mar-09 16:25,93.353935,-3.140794,350.21154,-4.21714,17.2258908284
2025-03-10,2025-Mar-10 04:39,266.797762,-2.971215,350.67656,-4.0174,5.4927181906,2025-Mar-10 16:25,93.005976,-2.948096,351.13259,-3.82507,17.2916009487
2025-03-11,2025-Mar-11 04:40,267.274207,-3.13518,351.59754,-3.62467,5.5751401148,2025-Mar-11 16:24,92.573911,-2.988761,352.05162,-3.43254,17.3405978041
2025-03-12,2025-Mar-12 04:40,267.667349,-3.065295,352.51654,-3.23152,5.6408487934,2025-Mar-12 16:23,92.14162,-3.027991,352.96936,-3.03935,17.3895937646
2025-03-13,2025-Mar-13 04:40,268.061431,-2.996273,353.43429,-2.83777,5.7065566655,2025-Mar-13 16:22,91.709164,-3.065886,353.8859,-2.64562,17.4385890381
2025-03-14,2025-Mar-14 04:40,268.456331,-2.928051,354.3509,-2.44352,5.7722639997,2025-Mar-14 16:21,91.2766,-3.10255,354.80136,-2.25144,17.4875839335
2025-03-15,2025-Mar-15 04:41,268.936761,-3.095659,355.26711,-2.04859,5.8546834277,2025-Mar-15 16:20,90.84399,-3.138085,355.71582,-1.85689,17.5365787934
2025-03-16,2025-Mar-16 04:41,269.333023,-3.028879,356.18174,-1.65362,5.9203906943,2025-Mar-16 16:20,90.495843,-2.93728,356.63003,-1.4618,17.6022862363
2025-03-17,2025-Mar-17 04:41,269.729735,-2.962702,357.09553,-1.25843,5.9860983915,2025-Mar-17 16:19,90.06341,-2.970855,357.54282,-1.06682,17.6512819278
2025-03-18,2025-Mar-18 04:42,270.211881,-3.132201,358.00922,-0.86284,6.0685190263,2025-Mar-18 16:18,89.63111,-3.003622,358.45491,-0.67176,17.7002783194
2025-03-19,2025-Mar-19 04:42,270.609211,-3.067037,358.92163,-0.4675,6.1342281089,2025-Mar-19 16:17,89.199005,-3.035682,359.36641,-0.27671,17.7492754775
2025-03-20,2025-Mar-20 04:42,271.00662,-3.002286,359.83349,-0.07223,6.1999379556,2025-Mar-20 16:16,88.767158,-3.067136,0.2774,0.11822,17.7982733664
2025-03-21,2025-Mar-21 04:42,271.403986,-2.937888,0.7449,0.32288,6.2656484689,2025-Mar-21 16:15,88.335631,-3.098085,1.18798,0.51293,17.8472718342
2025-03-22,2025-Mar-22 04:43,271.886647,-3.108805,1.65656,0.71799,6.348071746,2025-Mar-22 16:14,87.90449,-3.128628,2.09823,0.90733,17.8962706403
2025-03-23,2025-Mar-23 04:43,272.283626,-3.044895,2.56731,1.11247,6.4137829023,2025-Mar-23 16:14,87.558897,-2.923763,3.00887,1.3016,17.9619817537
2025-03-24,2025-Mar-24 04:43,272.680184,-2.981169,3.47785,1.50648,6.4794938652,2025-Mar-24 16:13,87.128832,-2.953872,3.9187,1.69507,18.0109801817
2025-03-25,2025-Mar-25 04:43,273.076193,-2.917581,4.38826,1.89992,6.545204236,2025-Mar-25 16:12,86.699362,-2.983879,4.82844,2.08793,18.0599778439
2025-03-26,2025-Mar-26 04:44,273.557345,-3.088782,5.29925,2.29296,6.6276259785,2025-Mar-26 16:11,86.270561,-3.013875,5.73817,2.48006,18.1089744771
2025-03-27,2025-Mar-27 04:44,273.951948,-3.02524,6.20962,2.68494,6.6933343387,2025-Mar-27 16:10,85.842505,-3.043947,6.64795,2.87137,18.1579700484
2025-03-28,2025-Mar-28 04:44,274.345623,-2.961711,7.12009,3.07605,6.7590417466,2025-Mar-28 16:09,85.415272,-3.07418,7.55786,3.26174,18.2069648549
2025-03-29,2025-Mar-29 04:45,274.824346,-3.132484,8.03136,3.46643,6.8414609782,2025-Mar-29 16:08,84.988939,-3.104653,8.46797,3.65107,18.2559595174
2025-03-30,2025-Mar-30 04:45,275.21586,-3.068758,8.94224,3.85545,6.9071681691,2025-Mar-30 16:07,84.563586,-3.135441,9.37835,4.03926,18.3049547931
2025-03-31,2025-Mar-31 04:45,275.60608,-3.00496,9.85343,4.24326,6.9728763186,2025-Mar-31 16:07,84.225121,-2.932512,10.28971,4.42647,18.3706635546
2025-04-01,2025-Apr-01 04:45,275.994884,-2.941066,10.76499,4.62977,7.038585804,2025-Apr-01 16:06,83.802073,-2.964345,11.20084,4.81206,18.4196613797
2025-04-02,2025-Apr-02 04:46,276.46859,-3.110712,11.67763,5.01514,7.1210088721,2025-Apr-02 16:05,83.380243,-2.99674,12.11244,5.19619,18.4686603293
2025-04-03,2025-Apr-03 04:46,276.854251,-3.046371,12.59014,5.39872,7.1867205113,2025-Apr-03 16:04,82.959704,-3.02978,13.02457,5.57875,18.5176598693
2025-04-04,2025-Apr-04 04:46,277.238129,-2.981843,13.5032,5.78068,7.2524324083,2025-Apr-04 16:03,82.540527,-3.063554,13.93729,5.95965,18.5666593775
2025-04-05,2025-Apr-05 04:46,277.620105,-2.917093,14.4169,6.16093,7.318143982,2025-Apr-05 16:02,82.122779,-3.098148,14.85067,6.33879,18.6156583473
2025-04-06,2025-Apr-06 04:47,278.086821,-3.084905,15.33193,6.53962,7.4005671225,2025-Apr-06 16:01,81.706522,-3.133655,15.76478,6.71607,18.664656461
2025-04-07,2025-Apr-07 04:47,278.464679,-3.019374,16.2471,6.91614,7.4662770222,2025-Apr-07 16:01,81.378271,-2.937534,16.68034,7.09167,18.7303659064
2025-04-08,2025-Apr-08 04:47,278.840281,-2.953493,17.16312,7.29066,7.5319859633,2025-Apr-08 16:00,80.965287,-2.9754,17.59616,7.46496,18.7793621332
2025-04-09,2025-Apr-09 04:48,279.300552,-3.119292,18.08073,7.66334,7.6144063675,2025-Apr-09 15:59,80.553966,-3.014463,18.51296,7.83612,18.8283576417
2025-04-10,2025-Apr-10 04:48,279.671342,-3.052334,18.99872,8.03359,7.6801139088,2025-Apr-10 15:58,80.144362,-3.054813,19.43082,8.20506,18.8773527292
2025-04-11,2025-Apr-11 04:48,280.039541,-2.984894,19.91782,8.40157,7.7458211996,2025-Apr-11 15:57,79.736526,-3.096539,20.34984,8.5717,18.9263477176
2025-04-12,2025-Apr-12 04:48,280.40504,-2.916928,20.83812,8.7672,7.811528566,2025-Apr-12 15:56,79.330508,-3.13973,21.27008,8.93596,18.9753429307
2025-04-13,2025-Apr-13 04:49,280.855059,-3.079359,21.76034,9.13064,7.8939486143,2025-Apr-13 15:56,79.013344,-2.953509,22.19229,9.29799,19.0410509465
2025-04-14,2025-Apr-14 04:49,281.214855,-3.009948,22.68329,9.4913,7.9596569886,2025-Apr-14 15:55,78.611243,-3.000214,23.11526,9.65721,19.0900473652
2025-04-15,2025-Apr-15 04:49,281.571625,-2.939896,23.60768,9.84936,8.0253661251,2025-Apr-15 15:54,78.211118,-3.048654,24.03971,10.01378,19.1390445723
2025-04-16,2025-Apr-16 04:50,282.012842,-3.099188,24.53424,10.20496,8.1077883539,2025-Apr-16 15:53,77.813021,-3.098911,24.9657,10.36761,19.1880425511
2025-04-17,2025-Apr-17 04:50,282.363249,-3.027457,25.46175,10.55754,8.1734990005,2025-Apr-17 15:53,77.504294,-2.921375,25.89397,10.71888,19.2537534681
2025-04-18,2025-Apr-18 04:50,282.710306,-2.954991,26.39092,10.90724,8.2392101667,2025-Apr-18 15:52,77.110555,-2.97587,26.82328,11.06698,19.302752481
2025-04-19,2025-Apr-19 04:51,283.141724,-3.11078,27.32246,11.25421,8.3216338681,2025-Apr-19 15:51,76.719016,-3.03243,27.75434,11.41208,19.3517515855
2025-04-20,2025-Apr-20 04:51,283.481757,-3.036464,28.25514,11.59789,8.3873451831,2025-Apr-20 15:50,76.329738,-3.091133,28.68722,11.75409,19.4007504465
2025-04-21,2025-Apr-21 04:51,283.818114,-2.961356,29.18966,11.93842,8.4530560644,2025-Apr-21 15:50,76.030387,-2.923753,29.6226,12.09315,19.4664610154
2025-04-22,2025-Apr-22 04:52,284.238732,-3.113396,30.12673,12.27594,8.535478487,2025-Apr-22 15:49,75.645964,-2.987343,30.55926,12.42869,19.5154584196
2025-04-23,2025-Apr-23 04:52,284.567405,-3.036349,31.0651,12.60989,8.6011876578,2025-Apr-23 15:48,75.263998,-3.053289,31.49788,12.76085,19.5644548454
2025-04-24,2025-Apr-24 04:52,284.892082,-2.9585,32.00546,12.9404,8.6668958821,2025-Apr-24 15:47,74.884559,-3.121653,32.43852,13.08953,19.613450417
2025-04-25,2025-Apr-25 04:53,285.300906,-3.106695,32.94852,13.2676,8.7493157418,2025-Apr-25 15:47,74.595678,-2.965697,33.38187,13.41488,19.6791578576
2025-04-26,2025-Apr-26 04:53,285.617259,-3.026932,33.89301,13.59095,8.8150232299,2025-Apr-26 15:46,74.22167,-3.039466,34.32666,13.73632,19.7281532606
2025-04-27,2025-Apr-27 04:53,285.929312,-2.946416,34.83961,13.91058,8.880731382,2025-Apr-27 15:45,73.850411,-3.1158,35.27357,14.054,19.7771496289
2025-04-28,2025-Apr-28 04:54,286.325407,-3.090871,35.78902,14.22659,8.9631530845,2025-Apr-28 15:45,73.570166,-2.969109,36.22331,14.36804,19.842859692
2025-04-29,2025-Apr-29 04:54,286.62855,-3.008596,36.73993,14.53848,9.0288639368,2025-Apr-29 15:44,73.204812,-3.05111,37.17455,14.67791,19.8918588378
2025-04-30,2025-Apr-30 04:54,286.927115,-2.925671,37.69302,14.84635,9.0945759769,2025-Apr-30 15:44,72.930699,-2.910922,38.12862,14.98394,19.9575712315
2025-05-01,2025-May-01 04:55,287.309609,-3.066661,38.64895,15.15032,9.1770009075,2025-May-01 15:43,72.571574,-2.998746,39.0842,15.2856,20.0065715923
2025-05-02,2025-May-02 04:55,287.598702,-2.982195,39.60639,15.44988,9.2427134238,2025-May-02 15:42,72.215588,-3.089322,40.04197,15.58303,20.0555715622
2025-05-03,2025-May-03 04:56,287.971738,-3.120889,40.5667,15.74534,9.3251375696,2025-May-03 15:42,71.951335,-2.959047,41.0026,15.87633,20.1212829922
2025-05-04,2025-May-04 04:56,288.25099,-3.035012,41.52854,16.03621,9.3908484441,2025-May-04 15:41,71.602027,-3.055695,41.96477,16.16501,20.1702811063
2025-05-05,2025-May-05 04:56,288.52522,-2.948652,42.4926,16.32261,9.4565583006,2025-May-05 15:41,71.344681,-2.932367,42.92984,16.44938,20.2359905374
2025-05-06,2025-May-06 04:57,288.883267,-3.084358,43.45959,16.60465,9.5389795598,2025-May-06 15:40,71.002319,-3.035262,43.8965,16.72896,20.2849868784
2025-05-07,2025-May-07 04:57,289.147145,-2.996759,44.42818,16.88186,9.6046878859,2025-May-07 15:40,70.752146,-2.919061,44.86612,17.00407,20.3506950275
2025-05-08,2025-May-08 04:57,289.405764,-2.90876,45.39906,17.15435,9.6703959066,2025-May-08 15:39,70.416976,-3.02837,45.83736,17.27424,20.3996907192
2025-05-09,2025-May-09 04:58,289.748073,-3.041736,46.37294,17.42223,9.752816243,2025-May-09 15:39,70.174232,-2.919463,46.81162,17.53978,20.4653988672
2025-05-10,2025-May-10 04:58,289.995873,-2.952673,47.34849,17.68505,9.8185246013,2025-May-10 15:38,69.846489,-3.035345,47.78754,17.80023,20.5143951487
2025-05-11,2025-May-11 04:59,290.327387,-3.083834,48.32708,17.94311,9.9009458109,2025-May-11 15:38,69.611419,-2.933885,48.76651,18.05589,20.5801043643
2025-05-12,2025-May-12 04:59,290.564076,-2.993838,49.30737,18.19597,9.9666554447,2025-May-12 15:37,69.291331,-3.056484,49.74717,18.30632,20.6291020514
2025-05-13,2025-May-13 05:00,290.884502,-3.12333,50.29072,18.4439,10.0490781719,2025-May-13 15:37,69.064182,-2.962608,50.73091,18.55181,20.6948128178
2025-05-14,2025-May-14 05:00,291.109801,-3.03255,51.27579,18.6865,10.1147893343,2025-May-14 15:36,68.751975,-3.092055,51.71635,18.79193,20.7438119602
2025-05-15,2025-May-15 05:00,291.329349,-2.941603,52.26326,18.92386,10.1805010684,2025-May-15 15:36,68.532996,-3.005883,52.70488,19.02695,20.8095238667
2025-05-16,2025-May-16 05:01,291.632496,-3.069151,53.2538,19.15606,10.2629254061,2025-May-16 15:36,68.318158,-2.923765,53.6958,19.25662,20.8752359334
2025-05-17,2025-May-17 05:01,291.840256,-2.977679,54.24605,19.38271,10.3286374134,2025-May-17 15:35,68.018351,-3.063925,54.6884,19.48072,20.9242355192
2025-05-18,2025-May-18 05:02,292.131632,-3.104034,55.24136,19.60406,10.4110613531,2025-May-18 15:35,67.812077,-2.989651,55.68407,19.69949,20.9899468991
2025-05-19,2025-May-19 05:02,292.327347,-3.012247,56.23833,19.81971,10.4767723256,2025-May-19 15:35,67.610156,-2.919483,56.68208,19.91268,21.0556575036
2025-05-20,2025-May-20 05:02,292.517002,-2.92054,57.23765,20.02975,10.5424824233,2025-May-20 15:34,67.323324,-3.070543,57.68172,20.12009,21.1046548962
2025-05-21,2025-May-21 05:03,292.790125,-3.045799,58.23998,20.23425,10.62490391,2025-May-21 15:34,67.130391,-3.008296,58.68437,20.32193,21.1703637301
2025-05-22,2025-May-22 05:03,292.967383,-2.95415,59.24391,20.43284,10.6906123773,2025-May-22 15:34,66.942035,-2.950166,59.6893,20.51797,21.2360720059
2025-05-23,2025-May-23 05:04,293.228134,-3.078908,60.25079,20.62573,10.7730328518,2025-May-23 15:33,66.668794,-3.112202,60.69576,20.70802,21.2850679408
2025-05-24,2025-May-24 05:04,293.392792,-2.987627,61.2592,20.81259,10.8387413487,2025-May-24 15:33,66.489876,-3.061972,61.70513,20.89227,21.3507767924
2025-05-25,2025-May-25 05:05,293.640988,-3.112245,62.27049,20.99359,10.9211631176,2025-May-25 15:33,66.315772,-3.015805,62.71666,21.07053,21.4164868364
2025-05-26,2025-May-26 05:05,293.792889,-3.021693,63.2832,21.16843,10.9868739723,2025-May-26 15:33,66.146563,-2.973665,63.73027,21.24272,21.4821983259
2025-05-27,2025-May-27 05:05,293.938429,-2.931777,64.29796,21.33718,11.0525862195,2025-May-27 15:33,65.982333,-2.93551,64.7459,21.40879,21.5479110624
2025-05-28,2025-May-28 05:06,294.16742,-3.057177,65.31538,21.49988,11.1350117091,2025-May-28 15:32,65.733413,-3.115793,65.76274,21.56856,21.5969121379
2025-05-29,2025-May-29 05:06,294.300037,-2.968603,66.33397,21.65624,11.2007251178,2025-May-29 15:32,65.579406,-3.085208,66.78211,21.72219,21.662625419
2025-05-30,2025-May-30 05:07,294.516182,-3.094959,67.35504,21.80642,11.2831503594,2025-May-30 15:32,65.430619,-3.058479,67.80323,21.86952,21.728337992
2025-05-31,2025-May-31 05:07,294.635785,-3.008149,68.3771,21.95015,11.3488623628,2025-May-31 15:32,65.287129,-3.03556,68.826,22.01049,21.7940495221
2025-06-01,2025-Jun-01 05:07,294.748915,-2.922467,69.40078,22.0875,11.414573265,2025-Jun-01 15:32,65.149008,-3.016411,69.85036,22.14505,21.8597599584
2025-06-02,2025-Jun-02 05:08,294.945513,-3.051258,70.42671,22.21849,11.4969954452,2025-Jun-02 15:32,65.016324,-3.000987,70.87622,22.27314,21.925469472
2025-06-03,2025-Jun-03 05:08,295.045526,-2.967911,71.45339,22.3429,11.5627045623,2025-Jun-03 15:32,64.889139,-2.989246,71.90353,22.39473,21.991178356
2025-06-04,2025-Jun-04 05:09,295.229112,-3.098718,72.4822,22.46086,11.6451255388,2025-Jun-04 15:32,64.767516,-2.981146,72.93221,22.50977,22.0568869559
2025-06-05,2025-Jun-05 05:09,295.315967,-3.018064,73.51163,22.57217,11.710834136,2025-Jun-05 15:32,64.651511,-2.976642,73.9622,22.61823,22.122595623
2025-06-06,2025-Jun-06 05:09,295.396302,-2.938956,74.54233,22.67688,11.776542975,2025-Jun-06 15:32,64.541179,-2.97569,74.99343,22.72007,22.1883046475
2025-06-07,2025-Jun-07 05:10,295.560203,-3.073657,75.57495,22.77502,11.8589646097,2025-Jun-07 15:32,64.436571,-2.978244,76.02583,22.81526,22.254014268
2025-06-08,2025-Jun-08 05:10,295.627363,-2.997742,76.60797,22.86642,11.9246746477,2025-Jun-08 15:32,64.33774,-2.984258,77.05932,22.90377,22.3197246454
2025-06-09,2025-Jun-09 05:10,295.688004,-2.9236,77.64206,22.95113,11.9903854847,2025-Jun-09 15:32,64.244732,-2.993683,78.09384,22.98557,22.3854358287
2025-06-10,2025-Jun-10 05:11,295.832238,-3.063012,78.67784,23.02916,12.0728093953,2025-Jun-10 15:32,64.157595,-3.006473,79.1293,23.06065,22.4511477298
2025-06-11,2025-Jun-11 05:11,295.879729,-2.992543,79.71381,23.1004,12.1385216222,2025-Jun-11 15:32,64.076374,-3.022579,80.16564,23.12897,22.516860152
2025-06-12,2025-Jun-12 05:11,295.920717,-2.924066,80.7506,23.16487,12.2042342194,2025-Jun-12 15:32,64.001113,-3.04195,81.20276,23.19051,22.5825728101
2025-06-13,2025-Jun-13 05:12,296.045358,-3.068983,81.78885,23.22258,12.2866591532,2025-Jun-13 15:32,63.931856,-3.064537,82.24059,23.24525,22.6482853424
2025-06-14,2025-Jun-14 05:12,296.073249,-3.004646,82.82704,23.27345,12.352371446,2025-Jun-14 15:32,63.868646,-3.090289,83.27904,23.29318,22.7139973812
2025-06-15,2025-Jun-15 05:12,296.094666,-2.942518,83.86581,23.31749,12.4180830703,2025-Jun-15 15:33,63.901733,-2.908053,84.31875,23.3343,22.7964209458
2025-06-16,2025-Jun-16 05:13,296.199829,-3.093729,84.90579,23.3547,12.5005061195,2025-Jun-16 15:33,63.85082,-2.940067,85.3582,23.36853,22.8621312924
2025-06-17,2025-Jun-17 05:13,296.208225,-3.036216,85.94546,23.38502,12.5662159433,2025-Jun-17 15:33,63.806086,-2.975069,86.39801,23.39589,22.9278407517
2025-06-18,2025-Jun-18 05:13,296.210191,-2.981136,86.98544,23.40846,12.6319249993,2025-Jun-18 15:33,63.767575,-3.012997,87.43811,23.41636,22.9935495852
2025-06-19,2025-Jun-19 05:13,296.205745,-2.928564,88.02567,23.42501,12.6976336723,2025-Jun-19 15:33,63.735326,-3.053784,88.47841,23.42994,23.0592582516
2025-06-20,2025-Jun-20 05:14,296.285112,-3.089487,89.06676,23.43466,12.7800547924,2025-Jun-20 15:33,63.709379,-3.097359,89.51882,23.43661,23.1249673181
2025-06-21,2025-Jun-21 05:14,296.26783,-3.042196,90.10719,23.4374,12.8457643428,2025-Jun-21 15:34,63.780071,-2.932777,90.55997,23.43638,23.2073896383
2025-06-22,2025-Jun-22 05:14,296.244231,-2.997663,91.14758,23.43323,12.9114750942,2025-Jun-22 15:34,63.76693,-2.98171,91.6003,23.42925,23.2731009851
2025-06-23,2025-Jun-23 05:14,296.21436,-2.955973,92.18781,23.42217,12.9771872176,2025-Jun-23 15:34,63.760198,-3.033161,92.64043,23.41521,23.3388136421
2025-06-24,2025-Jun-24 05:14,296.178264,-2.917215,93.22777,23.40421,13.0429004529,2025-Jun-24 15:34,63.759907,-3.087033,93.68023,23.3943,23.4045271886
2025-06-25,2025-Jun-25 05:15,296.226168,-3.092507,94.26805,23.37936,13.1253265236,2025-Jun-25 15:35,63.856391,-2.932227,94.72029,23.36649,23.4869532784
2025-06-26,2025-Jun-26 05:15,296.177707,-3.059973,95.30707,23.34766,13.1910401404,2025-Jun-26 15:35,63.869181,-2.990616,95.75904,23.33183,23.5526666294
2025-06-27,2025-Jun-27 05:15,296.123185,-3.030651,96.34542,23.30911,13.2567529936,2025-Jun-27 15:35,63.888502,-3.051112,96.79706,23.29034,23.6183790262
2025-06-28,2025-Jun-28 05:15,296.062658,-3.004626,97.38298,23.26373,13.3224647302,2025-Jun-28 15:35,63.914376,-3.113616,97.83425,23.24202,23.684090254
2025-06-29,2025-Jun-29 05:15,295.99618,-2.981975,98.41964,23.21154,13.3881753164,2025-Jun-29 15:36,64.037173,-2.966717,98.87121,23.18687,23.7665126997
2025-06-30,2025-Jun-30 05:15,295.923809,-2.962773,99.4553,23.15256,13.453884965,2025-Jun-30 15:36,64.076322,-3.03289,99.9064,23.12497,23.8322220421
2025-07-01,2025-Jul-01 05:15,295.845601,-2.947087,100.48987,23.08682,13.5195940065,2025-Jul-01 15:36,64.122069,-3.100786,100.94047,23.05633,23.8979309363
2025-07-02,2025-Jul-02 05:15,295.761615,-2.934978,101.52325,23.01436,13.5853028134,2025-Jul-02 15:37,64.264719,-2.958595,101.97403,22.98092,23.9803520533
2025-07-03,2025-Jul-03 05:15,295.671912,-2.926502,102.55536,22.9352,13.6510117443,2025-Jul-03 15:37,64.323786,-3.029576,103.00557,22.89888,0.0460611348
2025-07-04,2025-Jul-04 05:15,295.576551,-2.921714,103.58613,22.84938,13.7167210987,2025-Jul-04 15:37,64.389451,-3.102017,104.03572,22.8102,0.1117707447
2025-07-05,2025-Jul-05 05:15,295.475595,-2.920661,104.61547,22.75694,13.7824310941,2025-Jul-05 15:38,64.551976,-2.963606,105.06514,22.71485,0.1941933594
2025-07-06,2025-Jul-06 05:15,295.369106,-2.923387,105.64332,22.65793,13.8481418506,2025-Jul-06 15:38,64.630932,-3.038589,106.09231,22.613,0.2599044542
2025-07-07,2025-Jul-07 05:15,295.257147,-2.929933,106.66959,22.55238,13.9138533717,2025-Jul-07 15:38,64.716455,-3.114787,107.11788,22.50464,0.3256162747
2025-07-08,2025-Jul-08 05:15,295.13978,-2.940335,107.69423,22.44035,13.9795655358,2025-Jul-08 15:39,64.898772,-2.979289,108.1425,22.38974,0.4080409547
2025-07-09,2025-Jul-09 05:15,295.017068,-2.954627,108.71717,22.32187,14.0452781272,2025-Jul-09 15:39,64.997498,-3.057529,109.16468,22.26848,0.4737536444
2025-07-10,2025-Jul-10 05:15,294.889072,-2.972837,109.73833,22.197,14.1109908436,2025-Jul-10 15:40,65.192833,-2.923414,110.18577,22.14077,0.5561785958
2025-07-11,2025-Jul-11 05:15,294.755854,-2.994993,110.75768,22.06579,14.1767032987,2025-Jul-11 15:40,65.30468,-3.003381,111.2043,22.00681,0.6218908195
2025-07-12,2025-Jul-12 05:15,294.617473,-3.021116,111.77514,21.92827,14.2424151211,2025-Jul-12 15:40,65.422991,-3.084202,112.22092,21.86658,0.687602269
2025-07-13,2025-Jul-13 05:15,294.473987,-3.051229,112.79067,21.78451,14.3081260257,2025-Jul-13 15:41,65.637815,-2.95171,113.2363,21.72001,0.7700250311
2025-07-14,2025-Jul-14 05:15,294.325455,-3.085349,113.80423,21.63454,14.3738359184,2025-Jul-14 15:41,65.769101,-3.033836,114.24898,21.56736,0.8357345146
2025-07-15,2025-Jul-15 05:14,294.082188,-2.908831,114.81506,21.47853,14.4228326459,2025-Jul-15 15:41,65.906775,-3.116625,115.25963,21.40858,0.9014432671
2025-07-16,2025-Jul-16 05:14,293.923702,-2.950751,115.82455,21.31631,14.4885411743,2025-Jul-16 15:42,66.140848,-2.985068,116.26891,21.2436,0.9838640335
2025-07-17,2025-Jul-17 05:14,293.760344,-2.996722,116.83196,21.14804,14.5542497202,2025-Jul-17 15:42,66.291322,-3.068752,117.27539,21.07271,1.0495727581
2025-07-18,2025-Jul-18 05:14,293.592179,-3.04676,117.83724,20.97377,14.6199588214,2025-Jul-18 15:43,66.537979,-2.937297,118.28044,20.89573,1.1319945487
2025-07-19,2025-Jul-19 05:14,293.419278,-3.10088,118.84038,20.79357,14.6856689206,2025-Jul-19 15:43,66.70111,-3.021577,119.28261,20.71296,1.1977051696
2025-07-20,2025-Jul-20 05:13,293.152112,-2.94289,119.84062,20.60764,14.7346679302,2025-Jul-20 15:43,66.870452,-3.106171,120.28257,20.52435,1.2634169903
2025-07-21,2025-Jul-21 05:13,292.969907,-3.004927,120.83932,20.41578,14.8003803364,2025-Jul-21 15:44,67.135807,-2.974429,121.28096,20.32985,1.3458420656
2025-07-22,2025-Jul-22 05:13,292.783198,-3.071093,121.83572,20.2182,14.8660934333,2025-Jul-22 15:44,67.317543,-3.059124,122.27633,20.12978,1.4115552767
2025-07-23,2025-Jul-23 05:12,292.502639,-2.92415,122.82908,20.01511,14.9150943038,2025-Jul-23 15:45,67.595036,-2.926587,123.27001,19.92395,1.4939805765
2025-07-24,2025-Jul-24 05:12,292.307109,-2.998314,123.82071,19.80631,14.9808069259,2025-Jul-24 15:45,67.788967,-3.011028,124.26057,19.71272,1.5596928034
2025-07-25,2025-Jul-25 05:12,292.107332,-3.076653,124.80988,19.59201,15.0465185603,2025-Jul-25 15:45,67.988871,-3.095366,125.24863,19.49603,1.6254039337
2025-07-26,2025-Jul-26 05:11,291.814081,-2.940847,125.79586,19.37245,15.09551674,2025-Jul-26 15:46,68.284306,-2.961161,126.23486,19.2738,1.7078262188
2025-07-27,2025-Jul-27 05:11,291.605978,-3.027247,126.77998,19.14739,15.1612261599,2025-Jul-27 15:46,68.496083,-3.044747,127.21784,19.04641,1.7735352569
2025-07-28,2025-Jul-28 05:11,291.393878,-3.117837,127.76153,18.91706,15.2269348134,2025-Jul-28 15:47,68.803099,-2.908863,128.19893,18.81363,1.8559559899
2025-07-29,2025-Jul-29 05:10,291.088626,-2.993185,128.73982,18.68172,15.2759307868,2025-Jul-29 15:47,69.026501,-2.991406,129.17675,18.57586,1.9216642175
2025-07-30,2025-Jul-30 05:10,290.868677,-3.091812,129.71619,18.44111,15.3416390648,2025-Jul-30 15:47,69.255575,-3.073499,130.15196,18.33302,1.9873726116
2025-07-31,2025-Jul-31 05:09,290.555876,-2.974382,130.68928,18.19566,15.3906353901,2025-Jul-31 15:48,69.579581,-2.934811,131.12526,18.08503,2.0697937693
2025-08-01,2025-Aug-01 05:09,290.328384,-3.080973,131.66046,17.9451,15.4563446006,2025-Aug-01 15:48,69.819859,-3.01551,132.09527,17.83231,2.1355032908
2025-08-02,2025-Aug-02 05:08,290.008316,-2.970671,132.62836,17.68987,15.5053422413,2025-Aug-02 15:48,70.065592,-3.09561,133.06269,17.57477,2.2012135761
2025-08-03,2025-Aug-03 05:08,289.773577,-3.085116,133.59435,17.42969,15.5710529567,2025-Aug-03 15:49,70.4059,-2.953629,134.0282,17.31231,2.2836369195
2025-08-04,2025-Aug-04 05:07,289.446515,-2.981813,134.5571,17.16501,15.6200520746,2025-Aug-04 15:49,70.662368,-3.032069,134.99047,17.04539,2.3493485957
2025-08-05,2025-Aug-05 05:07,289.204814,-3.103964,135.51795,16.89554,15.6857640083,2025-Aug-05 15:49,70.924052,-3.109803,135.95017,16.7739,2.4150606752
2025-08-06,2025-Aug-06 05:06,288.871018,-3.0075,136.47558,16.62175,15.7347638805,2025-Aug-06 15:50,71.279912,-2.96418,136.90801,16.49773,2.4974851432
2025-08-07,2025-Aug-07 05:05,288.534047,-2.914162,137.4307,16.34353,15.7837636376,2025-Aug-07 15:50,71.551829,-3.040075,137.86266,16.21736,2.5631970229
2025-08-08,2025-Aug-08 05:05,288.282342,-3.047361,138.38398,16.06076,15.8494751908,2025-Aug-08 15:50,71.828709,-3.115202,138.81483,15.93267,2.6289082313
2025-08-09,2025-Aug-09 05:04,287.938994,-2.960565,139.33414,15.77392,15.8984735966,2025-Aug-09 15:51,72.199335,-2.965737,139.76521,15.64354,2.7113307817
2025-08-10,2025-Aug-10 05:04,287.680959,-3.100963,140.28253,15.48268,15.9641832703,2025-Aug-10 15:51,72.485931,-3.038943,140.71251,15.35044,2.7770399939
2025-08-11,2025-Aug-11 05:03,287.331446,-3.020479,141.22788,15.18753,16.0131796647,2025-Aug-11 15:51,72.777241,-3.111365,141.65746,15.05325,2.8427483268
2025-08-12,2025-Aug-12 05:02,286.979009,-2.942843,142.1709,14.88833,16.0621753841,2025-Aug-12 15:52,73.161841,-2.958007,142.60076,14.75184,2.9251685048
2025-08-13,2025-Aug-13 05:02,286.711809,-3.093402,143.11231,14.58496,16.1278832611,2025-Aug-13 15:52,73.462348,-3.028505,143.54115,14.44669,2.9908765125
2025-08-14,2025-Aug-14 05:01,286.353499,-3.021705,144.05084,14.2779,16.176879284,2025-Aug-14 15:52,73.76731,-3.098223,144.47936,14.13769,3.0565852017
2025-08-15,2025-Aug-15 05:00,285.99241,-2.952672,144.98723,13.96703,16.2258762266,2025-Aug-15 15:53,74.165077,-2.941002,145.41607,13.82469,3.139007255
2025-08-16,2025-Aug-16 05:00,285.716524,-3.112794,145.92215,13.65221,16.2915866338,2025-Aug-16 15:53,74.478688,-3.008805,146.35005,13.5082,3.2047181945
2025-08-17,2025-Aug-17 04:59,285.349897,-3.049317,146.85436,13.33397,16.3405858557,2025-Aug-17 15:53,74.796472,-3.075819,147.28197,13.18811,3.2704301186
2025-08-18,2025-Aug-18 04:58,284.980672,-2.988324,147.78453,13.01217,16.3895858365,2025-Aug-18 15:54,75.206534,-2.914743,148.21253,12.86428,3.3528548756
2025-08-19,2025-Aug-19 04:57,284.608917,-2.92976,148.71272,12.68692,16.4385860497,2025-Aug-19 15:54,75.532373,-2.979812,149.14045,12.53725,3.4185673072
2025-08-20,2025-Aug-20 04:57,284.322319,-3.101605,149.63958,12.35806,16.5042982329,2025-Aug-20 15:54,75.862085,-3.044064,150.06642,12.20689,3.4842791683
2025-08-21,2025-Aug-21 04:56,283.945578,-3.048114,150.56385,12.02617,16.5532973041,2025-Aug-21 15:54,76.195571,-3.107487,150.99045,11.8733,3.5499900654
2025-08-22,2025-Aug-22 04:55,283.566521,-2.996883,151.48622,11.69109,16.6022953075,2025-Aug-22 15:55,76.620672,-2.941359,151.91324,11.53634,3.6324121665
2025-08-23,2025-Aug-23 04:54,283.185218,-2.947858,152.40672,11.35294,16.6512922472,2025-Aug-23 15:55,76.961393,-3.002775,152.83354,11.19657,3.6981209684
2025-08-24,2025-Aug-24 04:54,282.88908,-3.130405,153.32604,11.01155,16.7170006106,2025-Aug-24 15:55,77.305581,-3.063345,153.75203,10.85384,3.7638290385
2025-08-25,2025-Aug-25 04:53,282.503372,-3.08597,154.24295,10.66751,16.7659961412,2025-Aug-25 15:55,77.653134,-3.123067,154.66877,10.50826,3.8295367511
2025-08-26,2025-Aug-26 04:52,282.115629,-3.043556,155.15813,10.32066,16.8149915276,2025-Aug-26 15:56,78.091594,-2.951905,155.58445,10.15967,3.9119567916
2025-08-27,2025-Aug-27 04:51,281.725917,-3.003097,156.07164,9.97111,16.8639871294,2025-Aug-27 15:56,78.445537,-3.00965,156.49785,9.80866,3.9776648865
2025-08-28,2025-Aug-28 04:50,281.334303,-2.964526,156.98355,9.61894,16.912983219,2025-Aug-28 15:56,78.802524,-3.066578,157.40966,9.45506,4.0433735689
2025-08-29,2025-Aug-29 04:49,280.940851,-2.92777,157.89392,9.26425,16.9619799811,2025-Aug-29 15:56,79.162447,-3.122702,158.31996,9.09899,4.1090829709
2025-08-30,2025-Aug-30 04:49,280.632473,-3.124068,158.80343,8.90688,17.0276897841,2025-Aug-30 15:57,79.61252,-2.94679,159.22944,8.74028,4.1915054107
2025-08-31,2025-Aug-31 04:48,280.235426,-3.091012,159.71089,8.54743,17.0766879931,2025-Aug-31 15:57,79.977948,-3.001107,160.13689,8.37952,4.2572162039
2025-09-01,2025-Sep-01 04:47,279.836732,-3.059529,160.617,8.18573,17.1256867671,2025-Sep-01 15:57,80.345979,-3.054701,161.04302,8.01656,4.3229274681
2025-09-02,2025-Sep-02 04:46,279.43645,-3.029536,161.52182,7.82188,17.174685876,2025-Sep-02 15:57,80.7165,-3.107604,161.94789,7.65148,4.3886389285
2025-09-03,2025-Sep-03 04:45,279.034639,-3.000946,162.42543,7.45596,17.2236850084,2025-Sep-03 15:58,81.17638,-2.927519,162.85221,7.28413,4.4710625543
2025-09-04,2025-Sep-04 04:44,278.631354,-2.973672,163.32789,7.08808,17.2726838166,2025-Sep-04 15:58,81.5515,-2.97892,163.75479,6.91509,4.5367733833
2025-09-05,2025-Sep-05 04:43,278.226649,-2.94762,164.22929,6.71831,17.3216819389,2025-Sep-05 15:58,81.928773,-3.029762,164.65634,6.54421,4.6024833777
2025-09-06,2025-Sep-06 04:42,277.820575,-2.922698,165.1297,6.34674,17.3706790989,2025-Sep-06 15:58,82.30809,-3.080096,165.55694,6.17157,4.6681923419
2025-09-07,2025-Sep-07 04:42,277.499355,-3.132145,166.02984,5.97319,17.4363875168,2025-Sep-07 15:58,82.689342,-3.129978,166.45669,5.79724,4.7339003211
2025-09-08,2025-Sep-08 04:41,277.090578,-3.109399,166.92855,5.59826,17.485382794,2025-Sep-08 15:59,83.158988,-2.946019,167.3563,5.42105,4.816319945
2025-09-09,2025-Sep-09 04:40,276.680562,-3.087473,167.82655,5.22177,17.5343777035,2025-Sep-09 15:59,83.54373,-2.994999,168.25464,5.04359,4.8820271987
2025-09-10,2025-Sep-10 04:39,276.269347,-3.066265,168.72397,4.8438,17.5833728891,2025-Sep-10 15:59,83.930083,-3.043727,169.15243,4.66468,4.9477350296
2025-09-11,2025-Sep-11 04:38,275.856973,-3.045672,169.62089,4.46442,17.6323689413,2025-Sep-11 15:59,84.31794,-3.092267,170.04978,4.2844,5.0134439252
2025-09-12,2025-Sep-12 04:37,275.443486,-3.025591,170.51742,4.08372,17.6813661924,2025-Sep-12 15:59,84.707189,-3.14068,170.94678,3.90284,5.0791540618
2025-09-13,2025-Sep-13 04:36,275.028937,-3.005923,171.41365,3.70178,17.7303646387,2025-Sep-13 16:00,85.183848,-2.954722,171.84414,3.51981,5.16157758
2025-09-14,2025-Sep-14 04:35,274.613379,-2.986567,172.30967,3.31869,17.7793639601,2025-Sep-14 16:00,85.575465,-3.002916,172.7407,3.13594,5.2272894339
2025-09-15,2025-Sep-15 04:34,274.196876,-2.967428,173.20554,2.93454,17.8283636178,2025-Sep-15 16:00,85.968121,-3.051152,173.63716,2.75106,5.2930013474
2025-09-16,2025-Sep-16 04:33,273.77949,-2.948411,174.10134,2.54943,17.8773630387,2025-Sep-16 16:00,86.361696,-3.099475,174.53358,2.36526,5.3587127762
2025-09-17,2025-Sep-17 04:32,273.361289,-2.929426,174.99714,2.16346,17.9263617471,2025-Sep-17 16:01,86.841832,-2.913148,175.43065,1.97838,5.4411356309
2025-09-18,2025-Sep-18 04:31,272.942342,-2.910381,175.89302,1.77673,17.9753594658,2025-Sep-18 16:01,87.236811,-2.961685,176.32721,1.59104,5.5068451386
2025-09-19,2025-Sep-19 04:31,272.607834,-3.126285,176.78966,1.38906,18.0410684323,2025-Sep-19 16:01,87.632348,-3.01044,177.22394,1.20309,5.5725536419
2025-09-20,2025-Sep-20 04:30,272.187514,-3.106933,177.68589,1.0011,18.0900641916,2025-Sep-20 16:01,88.028324,-3.059454,178.12093,0.81463,5.6382613552
2025-09-21,2025-Sep-21 04:29,271.766662,-3.087251,178.58242,0.61267,18.1390593288,2025-Sep-21 16:01,88.42462,-3.108764,179.01825,0.42574,5.7039686268
2025-09-22,2025-Sep-22 04:28,271.345351,-3.067153,179.47932,0.22387,18.1880542329,2025-Sep-22 16:02,88.906433,-2.923308,179.9166,0.03626,5.7863881522
2025-09-23,2025-Sep-23 04:27,270.923651,-3.046554,180.37666,-0.16519,18.2370492856,2025-Sep-23 16:02,89.302928,-2.9733,180.81481,-0.35316,5.8520956882
2025-09-24,2025-Sep-24 04:26,270.501636,-3.025367,181.27452,-0.55442,18.2860447921,2025-Sep-24 16:02,89.699381,-3.023718,181.71359,-0.74271,5.9178037914
2025-09-25,2025-Sep-25 04:25,270.079377,-3.003505,182.17299,-0.94372,18.3350409541,2025-Sep-25 16:02,90.095673,-3.074603,182.613,-1.13227,5.9835126055
2025-09-26,2025-Sep-26 04:24,269.656945,-2.980879,183.07213,-1.33298,18.3840378591,2025-Sep-26 16:02,90.491681,-3.125999,183.51312,-1.52175,6.0492221736
2025-09-27,2025-Sep-27 04:23,269.234411,-2.957401,183.97203,-1.72211,18.4330355036,2025-Sep-27 16:03,90.972149,-2.942837,184.41467,-1.91132,6.1316447435
2025-09-28,2025-Sep-28 04:22,268.811847,-2.93298,184.87276,-2.11101,18.4820337791,2025-Sep-28 16:03,91.367135,-2.995421,185.31646,-2.30034,6.1973555522
2025-09-29,2025-Sep-29 04:22,268.473542,-3.142762,185.77502,-2.49985,18.5477447749,2025-Sep-29 16:03,91.76147,-3.048662,186.21919,-2.68898,6.2630666615
2025-09-30,2025-Sep-30 04:21,268.051039,-3.116126,186.67763,-2.88798,18.5967436247,2025-Sep-30 16:03,92.155032,-3.10261,187.12294,-3.07713,6.3287777659
2025-10-01,2025-Oct-01 04:20,267.628717,-3.088257,187.58131,-3.27558,18.6457422938,2025-Oct-01 16:04,92.6322,-2.922412,188.02843,-3.46497,6.4112008211
2025-10-02,2025-Oct-02 04:19,267.206644,-3.059062,188.48613,-3.66255,18.6947404501,2025-Oct-02 16:04,93.023751,-2.978001,188.93447,-3.85186,6.476910921
2025-10-03,2025-Oct-03 04:18,266.784885,-3.028445,189.39217,-4.04879,18.743737819,2025-Oct-03 16:04,93.414161,-3.034462,189.84178,-4.23797,6.5426201282
2025-10-04,2025-Oct-04 04:17,266.363504,-2.996309,190.29952,-4.4342,18.7927342298,2025-Oct-04 16:04,93.803309,-3.091851,190.75044,-4.62321,6.6083283667
2025-10-05,2025-Oct-05 04:16,265.942562,-2.962555,191.20828,-4.81869,18.8417297311,2025-Oct-05 16:05,94.275221,-2.915731,191.66119,-5.00776,6.6907481199
2025-10-06,2025-Oct-06 04:15,265.522115,-2.927085,192.11853,-5.20218,18.890724661,2025-Oct-06 16:05,94.661388,-2.975285,192.57286,-5.39097,6.7564552729
2025-10-07,2025-Oct-07 04:15,265.185731,-3.124268,193.03103,-5.58483,18.9564319103,2025-Oct-07 16:05,95.045942,-3.035969,193.4862,-5.77305,6.8221627874
2025-10-08,2025-Oct-08 04:14,264.766354,-3.084904,193.94462,-5.96603,19.005427564,2025-Oct-08 16:05,95.428767,-3.09785,194.40132,-6.1539,6.8878712957
2025-10-09,2025-Oct-09 04:13,264.34763,-3.043504,194.86004,-6.34597,19.0544244415,2025-Oct-09 16:06,95.893531,-2.927082,195.31896,-6.5337,6.9702934647
2025-10-10,2025-Oct-10 04:12,263.929614,-2.999968,195.77739,-6.72454,19.1034227061,2025-Oct-10 16:06,96.272436,-2.991713,196.23795,-6.91183,7.0360046389
2025-10-11,2025-Oct-11 04:11,263.512366,-2.954197,196.69677,-7.10166,19.1524220874,2025-Oct-11 16:06,96.649251,-3.057729,197.159,-7.28844,7.1017166755
2025-10-12,2025-Oct-12 04:11,263.179032,-3.139719,197.61889,-7.47748,19.2181343197,2025-Oct-12 16:06,97.023853,-3.12518,198.0822,-7.66345,7.167428934
2025-10-13,2025-Oct-13 04:10,262.763464,-3.088984,198.54255,-7.85138,19.2671341462,2025-Oct-13 16:07,97.47953,-2.960953,199.00827,-8.037,7.2498530932
2025-10-14,2025-Oct-14 04:09,262.348886,-3.035728,199.46846,-8.2235,19.3161333245,2025-Oct-14 16:07,97.849203,-3.031589,199.93598,-8.40846,7.3155641121
2025-10-15,2025-Oct-15 04:08,261.935377,-2.979868,200.3967,-8.59376,19.3651315343,2025-Oct-15 16:07,98.216279,-3.103771,200.86606,-8.77799,7.3812740935
2025-10-16,2025-Oct-16 04:07,261.52302,-2.921328,201.32734,-8.96202,19.414128692,2025-Oct-16 16:08,98.663795,-2.94505,201.79922,-9.14572,7.4636953486
2025-10-17,2025-Oct-17 04:07,261.194588,-3.092535,202.26108,-9.32843,19.479837202,2025-Oct-17 16:08,99.025173,-3.020615,202.73423,-9.51104,7.5294034801
2025-10-18,2025-Oct-18 04:06,260.784748,-3.028149,203.19671,-9.69238,19.5288327406,2025-Oct-18 16:08,99.383578,-3.097789,203.67181,-9.87409,7.5951111083
2025-10-19,2025-Oct-19 04:05,260.376324,-2.960862,204.13493,-10.054,19.5778279553,2025-Oct-19 16:09,99.821792,-2.944876,204.61267,-10.235,7.6775308893
2025-10-20,2025-Oct-20 04:05,260.051831,-3.122335,205.07646,-10.41343,19.6435355013,2025-Oct-20 16:09,100.173747,-3.025549,205.55556,-10.59316,7.7432385826
2025-10-21,2025-Oct-21 04:04,259.646472,-3.048759,206.02005,-10.77006,19.6925311157,2025-Oct-21 16:09,100.522358,-3.10786,206.50121,-10.94871,7.8089467757
2025-10-22,2025-Oct-22 04:03,259.242801,-2.972087,206.96642,-11.12403,19.7415273351,2025-Oct-22 16:10,100.950149,-2.960941,207.45031,-11.30178,7.8913679519
2025-10-23,2025-Oct-23 04:03,258.923098,-3.123132,207.91626,-11.47546,19.8072365849,2025-Oct-23 16:10,101.29157,-3.046805,208.40162,-11.65176,7.9570775833
2025-10-24,2025-Oct-24 04:02,258.523057,-3.039774,208.86833,-11.82376,19.8562342862,2025-Oct-24 16:10,101.629284,-3.134314,209.35582,-11.99879,8.0227879417
2025-10-25,2025-Oct-25 04:01,258.124981,-2.953145,209.82331,-12.16905,19.9052326599,2025-Oct-25 16:11,102.045541,-2.993487,210.31363,-12.34299,8.1052111852
2025-10-26,2025-Oct-26 04:01,257.810947,-3.09313,210.78192,-12.51145,19.9709438157,2025-Oct-26 16:11,102.37533,-3.084556,211.27377,-12.68376,8.1709224967
2025-10-27,2025-Oct-27 04:00,257.417076,-2.999451,211.74286,-12.85038,20.019942907,2025-Oct-27 16:12,102.783298,-2.947932,212.2376,-13.02147,8.2533461877
2025-10-28,2025-Oct-28 04:00,257.107257,-3.131641,212.70752,-13.18619,20.0856542218,2025-Oct-28 16:12,103.104677,-3.04255,213.20383,-13.35554,8.3190573447
2025-10-29,2025-Oct-29 03:59,256.717978,-3.030678,213.67459,-13.51831,20.1346528522,2025-Oct-29 16:12,103.421752,-3.138782,214.17316,-13.68607,8.3847679666
2025-10-30,2025-Oct-30 03:58,256.33113,-2.926173,214.64478,-13.84684,20.1836508192,2025-Oct-30 16:13,103.816363,-3.008273,215.14632,-14.01319,8.4671901131
2025-10-31,2025-Oct-31 03:58,256.028468,-3.046344,215.61881,-14.17191,20.2493602345,2025-Oct-31 16:13,104.124314,-3.10801,216.12198,-14.33633,8.5328990678
2025-11-01,2025-Nov-01 03:57,255.646777,-2.934227,216.59535,-14.49295,20.2983564701,2025-Nov-01 16:14,104.509442,-2.981682,217.10154,-14.65583,8.6153195107
2025-11-02,2025-Nov-02 03:57,255.349314,-3.045986,217.57582,-14.8103,20.3640643211,2025-Nov-02 16:14,104.807808,-3.084893,218.0837,-14.97113,8.681027163
2025-11-03,2025-Nov-03 03:56,254.973138,-2.926036,218.55891,-15.12341,20.4130596209,2025-Nov-03 16:15,105.182998,-2.962737,219.06988,-15.28257,8.7634471635
2025-11-04,2025-Nov-04 03:56,254.681236,-3.029141,219.54603,-15.43261,20.4787675951,2025-Nov-04 16:15,105.471333,-3.069404,220.05875,-15.58961,8.8291555979
2025-11-05,2025-Nov-05 03:56,254.39216,-3.127667,220.53657,-15.73758,20.5444766096,2025-Nov-05 16:16,105.83615,-2.951416,221.05176,-15.89259,8.9115776314
2025-11-06,2025-Nov-06 03:55,254.0249,-2.995345,221.52987,-16.03803,20.5934747767,2025-Nov-06 16:16,106.11403,-3.06153,222.04756,-16.19098,8.9772888571
2025-11-07,2025-Nov-07 03:55,253.741893,-3.084855,222.52738,-16.33426,20.659186648,2025-Nov-07 16:17,106.468045,-2.947698,223.04759,-16.48509,9.0597135813
2025-11-08,2025-Nov-08 03:54,253.380954,-2.944147,223.52774,-16.62576,20.708187128,2025-Nov-08 16:17,106.735039,-3.061223,224.05049,-16.77441,9.1254265437
2025-11-09,2025-Nov-09 03:54,253.104374,-3.024419,224.53235,-16.91282,20.7739000738,2025-Nov-09 16:18,107.07781,-2.951489,225.05766,-17.05923,9.2078515876
2025-11-10,2025-Nov-10 03:54,252.831081,-3.099836,225.54055,-17.19513,20.8396124801,2025-Nov-10 16:18,107.333474,-3.068333,226.06773,-17.33904,9.273563515
2025-11-11,2025-Nov-11 03:53,252.480351,-2.945987,226.55165,-17.47239,20.8886115906,2025-Nov-11 16:19,107.664554,-2.962567,227.0821,-17.61412,9.3559866388
2025-11-12,2025-Nov-12 03:53,252.214103,-3.011912,227.56704,-17.74486,20.9543218751,2025-Nov-12 16:19,107.908453,-3.082568,228.09937,-17.88396,9.421696378
2025-11-13,2025-Nov-13 03:53,251.951476,-3.072885,228.58605,-18.01223,21.0200311545,2025-Nov-13 16:20,108.227412,-2.980571,229.12096,-18.14883,9.5041175268
2025-11-14,2025-Nov-14 03:53,251.692586,-3.128887,229.60866,-18.27439,21.085739683,2025-Nov-14 16:20,108.459133,-3.103508,230.14545,-18.40825,9.5698258006
2025-11-15,2025-Nov-15 03:52,251.35695,-2.956981,230.63415,-18.53106,21.1347355165,2025-Nov-15 16:21,108.765567,-3.005022,231.17423,-18.66246,9.6522461766
2025-11-16,2025-Nov-16 03:52,251.105997,-3.00335,231.66393,-18.78247,21.2004436362,2025-Nov-16 16:21,108.984726,-3.130626,232.20588,-18.911,9.717954429
2025-11-17,2025-Nov-17 03:52,250.859127,-3.044732,232.69727,-19.02833,21.2661520829,2025-Nov-17 16:22,109.27826,-3.035347,233.24179,-19.1541,9.8003754501
2025-11-18,2025-Nov-18 03:52,250.61646,-3.081136,233.73415,-19.26854,21.3318611114,2025-Nov-18 16:23,109.565244,-2.94174,234.28122,-19.39149,9.8827971488
2025-11-19,2025-Nov-19 03:52,250.378114,-3.112571,234.77451,-19.503,21.3975708741,2025-Nov-19 16:23,109.764783,-3.070889,235.3234,-19.62289,9.9485073128
2025-11-20,2025-Nov-20 03:51,250.063804,-2.917895,235.81761,-19.73142,21.4465691044,2025-Nov-20 16:24,110.038353,-2.979953,236.36973,-19.84853,10.0309305245
2025-11-21,2025-Nov-21 03:51,249.834528,-2.939774,236.86482,-19.95404,21.5122803388,2025-Nov-21 16:24,110.224478,-3.110924,237.4187,-20.06798,10.096642066
2025-11-22,2025-Nov-22 03:51,249.609919,-2.956744,237.91537,-20.17058,21.5779921072,2025-Nov-22 16:25,110.484322,-3.02226,238.47172,-20.28145,10.1790663152
2025-11-23,2025-Nov-23 03:51,249.390094,-2.968835,238.96921,-20.38095,21.643704156,2025-Nov-23 16:26,110.73723,-2.934757,239.52798,-20.48868,10.2614906966
2025-11-24,2025-Nov-24 03:51,249.175169,-2.976078,240.02625,-20.58503,21.7094161883,2025-Nov-24 16:26,110.90257,-3.067851,240.58669,-20.68944,10.3272025869
2025-11-25,2025-Nov-25 03:51,248.965259,-2.978509,241.08643,-20.78275,21.7751278804,2025-Nov-25 16:27,111.141333,-2.98197,241.64923,-20.8839,10.4096262931
2025-11-26,2025-Nov-26 03:51,248.760476,-2.976166,242.14967,-20.97399,21.8408389726,2025-Nov-26 16:27,111.29256,-3.115876,242.71405,-21.07171,10.4753369873
2025-11-27,2025-Nov-27 03:51,248.560932,-2.96909,243.2159,-21.15868,21.9065492753,2025-Nov-27 16:28,111.516931,-3.031165,243.78256,-21.25304,10.5577591403
2025-11-28,2025-Nov-28 03:51,248.366735,-2.957324,244.28503,-21.33671,21.972258731,2025-Nov-28 16:29,111.73406,-2.947033,244.85394,-21.42766,10.6401804843
2025-11-29,2025-Nov-29 03:51,248.177989,-2.940913,245.35699,-21.508,22.0379674608,2025-Nov-29 16:29,111.863569,-3.081466,245.92736,-21.59537,10.7058889492
2025-11-30,2025-Nov-30 03:51,247.994796,-2.919902,246.4317,-21.67247,22.1036757868,2025-Nov-30 16:30,112.065989,-2.997813,247.00425,-21.75633,10.7883095533
2025-12-01,2025-Dec-01 03:52,247.897278,-3.112154,247.50984,-21.83015,22.1860965143,2025-Dec-01 16:30,112.180855,-3.132005,248.08304,-21.91024,10.8540182876
2025-12-02,2025-Dec-02 03:52,247.72549,-3.081811,248.58985,-21.98075,22.2518056689,2025-Dec-02 16:31,112.368397,-3.048395,249.16515,-22.05724,10.9364403516
2025-12-03,2025-Dec-03 03:52,247.559534,-3.047011,249.6724,-22.12431,22.3175160802,2025-Dec-03 16:32,112.548491,-2.964792,250.24976,-22.19715,11.0188638404
2025-12-04,2025-Dec-04 03:52,247.39949,-3.0078,250.75741,-22.26077,22.3832279701,2025-Dec-04 16:32,112.640987,-3.097984,251.33605,-22.32983,11.0845764525
2025-12-05,2025-Dec-05 03:52,247.245435,-2.964221,251.84481,-22.39006,22.4489411182,2025-Dec-05 16:33,112.806005,-3.013798,252.42544,-22.4554,11.1670023245
2025-12-06,2025-Dec-06 03:52,247.097448,-2.91632,252.93451,-22.51212,22.5146548802,2025-Dec-06 16:34,112.963489,-2.929292,253.51708,-22.5737,11.2494283799
2025-12-07,2025-Dec-07 03:53,247.035537,-3.080582,254.02717,-22.62697,22.5970807387,2025-Dec-07 16:34,113.033322,-3.060622,254.61011,-22.68459,11.3151415338
2025-12-08,2025-Dec-08 03:53,246.899996,-3.023959,255.12118,-22.73438,22.6627934089,2025-Dec-08 16:35,113.175553,-2.974883,255.70595,-22.78816,11.3975658751
2025-12-09,2025-Dec-09 03:53,246.770776,-2.963176,256.21718,-22.83438,22.7285048579,2025-Dec-09 16:35,113.230206,-3.104416,256.80297,-22.8842,11.4632766703
2025-12-10,2025-Dec-10 03:54,246.727787,-3.114232,257.31584,-22.92696,22.8109274129,2025-Dec-10 16:36,113.357095,-3.016962,257.90259,-22.9728,11.5456986965
2025-12-11,2025-Dec-11 03:54,246.611551,-3.045139,258.41551,-23.01194,22.8766367541,2025-Dec-11 16:37,113.476351,-2.928553,259.00393,-23.05383,11.6281200058
2025-12-12,2025-Dec-12 03:54,246.501889,-2.97211,259.51686,-23.08933,22.9423455688,2025-Dec-12 16:37,113.507996,-3.054552,260.10611,-23.12718,11.6938287068
2025-12-13,2025-Dec-13 03:55,246.478672,-3.11075,260.6205,-23.15914,23.0247665585,2025-Dec-13 16:38,113.611871,-2.963622,261.21052,-23.19292,11.7762497821
2025-12-14,2025-Dec-14 03:55,246.3825,-3.029948,261.7248,-23.22122,23.0904754878,2025-Dec-14 16:38,113.628237,-3.086615,262.31552,-23.25092,11.8419589555
2025-12-15,2025-Dec-15 03:55,246.29313,-2.94549,262.83037,-23.27559,23.1561849331,2025-Dec-15 16:39,113.716766,-2.992605,263.42248,-23.30122,11.9243810549
2025-12-16,2025-Dec-16 03:56,246.290465,-3.072677,263.93785,-23.32224,23.2386073771,2025-Dec-16 16:39,113.717894,-3.112073,264.52973,-23.34372,11.9900916057
2025-12-17,2025-Dec-17 03:56,246.215038,-2.98108,265.04555,-23.36108,23.3043182904,2025-Dec-17 16:40,113.791155,-3.014407,265.63866,-23.37846,12.0725152154
2025-12-18,2025-Dec-18 03:57,246.2264,-3.101238,266.15485,-23.39214,23.386742228,2025-Dec-18 16:40,113.777129,-3.129823,266.74758,-23.40536,12.1382271811
2025-12-19,2025-Dec-19 03:57,246.165191,-3.002973,267.26407,-23.41537,23.4524544377,2025-Dec-19 16:41,113.835245,-3.027921,267.85786,-23.42444,12.220651903
2025-12-20,2025-Dec-20 03:58,246.190868,-3.116632,268.37457,-23.43076,23.5348792832,2025-Dec-20 16:42,113.885926,-2.923722,268.96858,-23.43567,12.3030768078
2025-12-21,2025-Dec-21 03:58,246.144122,-3.012195,269.48467,-23.4383,23.6005918649,2025-Dec-21 16:42,113.849318,-3.032026,270.0788,-23.43904,12.3687892774
2025-12-22,2025-Dec-22 03:59,246.184371,-3.119911,270.59573,-23.43798,23.6830164617,2025-Dec-22 16:43,113.885116,-2.922703,271.1899,-23.43456,12.4512136016
2025-12-23,2025-Dec-23 03:59,246.152306,-3.009816,271.70605,-23.42981,23.7487281839,2025-Dec-23 16:43,113.83373,-3.025611,272.30017,-23.42222,12.5169249274
2025-12-24,2025-Dec-24 04:00,246.207352,-3.112157,272.81701,-23.41377,23.8311514235,2025-Dec-24 16:43,113.77511,-3.125677,273.41022,-23.40203,12.5826354133
2025-12-25,2025-Dec-25 04:00,246.19015,-2.996928,273.92691,-23.38989,23.8968615079,2025-Dec-25 16:44,113.788898,-3.007589,274.52068,-23.37398,12.6650573682
2025-12-26,2025-Dec-26 04:01,246.260184,-3.094467,275.03714,-23.35815,23.9792831257,2025-Dec-26 16:44,113.715811,-3.101509,275.62984,-23.33811,12.7307663803
2025-12-27,2025-Dec-27 04:01,246.25799,-2.974624,276.14601,-23.31862,0.0449919494,2025-Dec-27 16:45,113.715302,-2.976921,276.73911,-23.2944,12.8131874053
2025-12-28,2025-Dec-28 04:02,246.343154,-3.067928,277.25492,-23.27124,0.1274130054,2025-Dec-28 16:45,113.627997,-3.064226,277.84681,-23.24294,12.8788963402
2025-12-29,2025-Dec-29 04:02,246.356069,-2.94398,278.3622,-23.21612,0.1931222249,2025-Dec-29 16:46,113.613479,-2.932645,278.95434,-23.18367,12.9613183164
2025-12-30,2025-Dec-30 04:03,246.456456,-3.033595,279.46925,-23.15321,0.2755447135,2025-Dec-30 16:46,113.512228,-3.012916,280.06006,-23.11671,13.0270291726
2025-12-31,2025-Dec-31 04:04,246.564412,-3.121649,280.5752,-23.08259,0.3579685045,2025-Dec-31 16:46,113.40417,-3.08962,281.16459,-23.04207,13.0927413774
